chain, residue_label, residue_name, score, zscore, probability, pocket
A,    3, THR,  0.0254,  -0.3129,   0.0009, 0
A,    4, THR,  0.0204,  -0.3151,   0.0008, 0
A,    5, ASN,  0.0287,  -0.3114,   0.0010, 0
A,    6, THR,  0.0175,  -0.3164,   0.0008, 0
A,    7, VAL,  0.0462,  -0.3036,   0.0015, 0
A,    8, ALA,  0.0322,  -0.3099,   0.0011, 0
A,    9, ALA,  0.0101,  -0.3197,   0.0006, 0
A,   10, TYR,  0.1580,  -0.2537,   0.0062, 0
A,   11, ASN,  0.1536,  -0.2557,   0.0060, 0
A,   12, LEU,  0.0436,  -0.3048,   0.0014, 0
A,   13, THR,  0.2521,  -0.2117,   0.0126, 0
A,   14, TRP,  0.3484,  -0.1687,   0.0217, 0
A,   15, LYS,  0.2730,  -0.2024,   0.0144, 0
A,   16, SER,  0.1247,  -0.2686,   0.0045, 0
A,   17, THR,  0.2972,  -0.1916,   0.0166, 0
A,   18, ASN,  0.4223,  -0.1357,   0.0304, 0
A,   19, PHE,  0.0977,  -0.2806,   0.0033, 0
A,   20, LYS,  0.1911,  -0.2389,   0.0082, 0
A,   21, THR,  0.0489,  -0.3024,   0.0016, 0
A,   22, ILE,  0.1129,  -0.2738,   0.0040, 0
A,   23, LEU,  0.0703,  -0.2928,   0.0023, 0
A,   24, GLU,  0.0303,  -0.3107,   0.0010, 0
A,   25, TRP,  0.0391,  -0.3068,   0.0013, 0
A,   26, GLU,  0.1276,  -0.2673,   0.0047, 0
A,   27, PRO,  0.0420,  -0.3055,   0.0013, 0
A,   28, LYS,  0.0530,  -0.3006,   0.0017, 0
A,   29, PRO,  0.0236,  -0.3137,   0.0009, 0
A,   30, VAL,  0.0335,  -0.3093,   0.0011, 0
A,   31, ASN,  0.0132,  -0.3183,   0.0007, 0
A,   32, GLN,  0.0208,  -0.3149,   0.0008, 0
A,   33, VAL,  0.0356,  -0.3084,   0.0012, 0
A,   34, TYR,  0.0083,  -0.3206,   0.0006, 0
A,   35, THR,  0.7597,   0.0149,   0.0916, 0
A,   36, VAL,  0.0000,  -0.3242,   0.0005, 0
A,   37, GLN,  0.6911,  -0.0157,   0.0764, 0
A,   38, ILE,  0.0798,  -0.2886,   0.0026, 0
A,   39, SER,  0.1453,  -0.2594,   0.0055, 0
A,   40, THR,  0.1397,  -0.2619,   0.0052, 0
A,   41, LYS,  0.0355,  -0.3084,   0.0012, 0
A,   42, SER,  0.0374,  -0.3075,   0.0012, 0
A,   43, GLY,  0.0580,  -0.2983,   0.0019, 0
A,   44, ASP,  0.1370,  -0.2631,   0.0051, 0
A,   45, TRP,  0.1793,  -0.2442,   0.0075, 0
A,   46, LYS,  0.1460,  -0.2591,   0.0056, 0
A,   47, SER,  0.6149,  -0.0497,   0.0611, 0
A,   48, LYS,  0.2308,  -0.2212,   0.0110, 0
A,   49, CYS,  0.3306,  -0.1766,   0.0198, 0
A,   50, PHE,  0.5997,  -0.0565,   0.0581, 0
A,   51, TYR,  1.1527,   0.1903,   0.1922, 0
A,   52, THR,  0.1708,  -0.2480,   0.0070, 0
A,   53, THR,  0.0303,  -0.3107,   0.0010, 0
A,   54, ASP,  0.2131,  -0.2291,   0.0097, 0
A,   55, THR,  0.0341,  -0.3090,   0.0011, 0
A,   56, GLU,  0.3757,  -0.1565,   0.0247, 0
A,   57, CYS,  0.3779,  -0.1555,   0.0250, 0
A,   58, ASP,  0.3882,  -0.1509,   0.0262, 0
A,   59, LEU,  0.0790,  -0.2890,   0.0026, 0
A,   60, THR,  0.1140,  -0.2733,   0.0041, 0
A,   61, ASP,  0.0735,  -0.2914,   0.0024, 0
A,   62, GLU,  0.1281,  -0.2670,   0.0047, 0
A,   63, ILE,  0.0470,  -0.3032,   0.0015, 0
A,   64, VAL,  0.1058,  -0.2770,   0.0037, 0
A,   65, LYS,  0.0862,  -0.2857,   0.0028, 0
A,   66, ASP,  0.0395,  -0.3066,   0.0013, 0
A,   67, VAL,  0.0720,  -0.2921,   0.0023, 0
A,   68, LYS,  0.0714,  -0.2924,   0.0023, 0
A,   69, GLN,  0.0425,  -0.3053,   0.0014, 0
A,   70, THR,  0.0160,  -0.3171,   0.0007, 0
A,   71, TYR,  0.1131,  -0.2737,   0.0040, 0
A,   72, LEU,  0.0464,  -0.3035,   0.0015, 0
A,   73, ALA,  0.0042,  -0.3224,   0.0005, 0
A,   74, ARG,  0.3581,  -0.1644,   0.0227, 0
A,   75, VAL,  0.0000,  -0.3242,   0.0005, 0
A,   76, PHE,  0.6962,  -0.0134,   0.0775, 0
A,   77, SER,  0.0022,  -0.3233,   0.0005, 0
A,   78, TYR,  1.2254,   0.2228,   0.2115, 0
A,   79, PRO,  0.0418,  -0.3056,   0.0013, 0
A,   80, ALA,  0.0217,  -0.3145,   0.0008, 0
A,   81, GLY,  0.0156,  -0.3173,   0.0007, 0
A,   82, ASN,  0.0058,  -0.3216,   0.0005, 0
A,   83, VAL,  0.0170,  -0.3167,   0.0007, 0
A,   84, GLU,  0.0217,  -0.3146,   0.0008, 0
A,   85, SER,  0.0103,  -0.3196,   0.0006, 0
A,   86, THR,  0.0063,  -0.3214,   0.0006, 0
A,   87, GLY,  0.0086,  -0.3204,   0.0006, 0
A,   88, SER,  0.0179,  -0.3163,   0.0008, 0
A,   89, ALA,  0.0332,  -0.3094,   0.0011, 0
A,   90, GLY,  0.0145,  -0.3178,   0.0007, 0
A,   91, GLU,  0.1325,  -0.2651,   0.0049, 0
A,   92, PRO,  0.4079,  -0.1422,   0.0286, 0
A,   93, LEU,  0.0452,  -0.3041,   0.0014, 0
A,   94, TYR,  0.2245,  -0.2240,   0.0105, 0
A,   95, GLU,  0.0444,  -0.3044,   0.0014, 0
A,   96, ASN,  0.0795,  -0.2888,   0.0026, 0
A,   97, SER,  0.0030,  -0.3229,   0.0005, 0
A,   98, PRO,  0.1784,  -0.2446,   0.0074, 0
A,   99, GLU,  0.2234,  -0.2245,   0.0105, 0
A,  100, PHE,  0.3237,  -0.1797,   0.0191, 0
A,  101, THR,  0.0334,  -0.3093,   0.0011, 0
A,  102, PRO,  0.0000,  -0.3242,   0.0005, 0
A,  103, TYR,  0.0836,  -0.2869,   0.0027, 0
A,  104, LEU,  0.0413,  -0.3058,   0.0013, 0
A,  105, GLU,  0.3308,  -0.1765,   0.0198, 0
A,  106, THR,  0.0396,  -0.3065,   0.0013, 0
A,  107, ASN,  0.1141,  -0.2733,   0.0041, 0
A,  108, LEU,  0.1773,  -0.2451,   0.0074, 0
A,  109, GLY,  0.3261,  -0.1787,   0.0193, 1
A,  110, GLN,  0.2906,  -0.1945,   0.0160, 0
A,  111, PRO,  0.1797,  -0.2440,   0.0075, 1
A,  112, THR,  0.1246,  -0.2686,   0.0045, 0
A,  113, ILE,  0.0059,  -0.3216,   0.0005, 0
A,  114, GLN,  0.0192,  -0.3157,   0.0008, 0
A,  115, SER,  0.0225,  -0.3142,   0.0009, 0
A,  116, PHE,  0.1488,  -0.2578,   0.0057, 0
A,  117, GLU,  0.0667,  -0.2945,   0.0021, 0
A,  118, GLN,  0.0975,  -0.2807,   0.0033, 0
A,  119, VAL,  0.0193,  -0.3156,   0.0008, 0
A,  120, GLY,  0.0162,  -0.3170,   0.0007, 0
A,  121, THR,  0.0200,  -0.3153,   0.0008, 0
A,  122, LYS,  0.0276,  -0.3119,   0.0010, 0
A,  123, VAL,  0.0002,  -0.3241,   0.0005, 0
A,  124, ASN,  0.0134,  -0.3182,   0.0007, 0
A,  125, VAL,  0.0012,  -0.3237,   0.0005, 0
A,  126, THR,  0.0123,  -0.3187,   0.0007, 0
A,  127, VAL,  0.0751,  -0.2907,   0.0024, 0
A,  128, GLU,  0.1551,  -0.2550,   0.0061, 0
A,  129, ASP,  0.0952,  -0.2818,   0.0032, 0
A,  130, GLU,  0.4110,  -0.1407,   0.0290, 1
A,  131, ARG,  0.2073,  -0.2317,   0.0093, 0
A,  132, THR,  0.1043,  -0.2777,   0.0036, 0
A,  133, LEU,  0.2022,  -0.2340,   0.0089, 0
A,  134, VAL,  0.1328,  -0.2650,   0.0049, 0
A,  135, ARG,  0.1251,  -0.2684,   0.0045, 0
A,  136, ARG,  0.0371,  -0.3077,   0.0012, 0
A,  137, ASN,  0.0278,  -0.3118,   0.0010, 0
A,  138, ASN,  0.0317,  -0.3101,   0.0011, 0
A,  139, THR,  0.0400,  -0.3064,   0.0013, 0
A,  140, PHE,  0.1518,  -0.2565,   0.0059, 0
A,  141, LEU,  0.1011,  -0.2791,   0.0034, 0
A,  142, SER,  0.0920,  -0.2832,   0.0031, 0
A,  143, LEU,  0.2045,  -0.2329,   0.0091, 1
A,  144, ARG,  0.0724,  -0.2919,   0.0023, 0
A,  145, ASP,  0.0950,  -0.2818,   0.0032, 0
A,  146, VAL,  0.0818,  -0.2877,   0.0027, 0
A,  147, PHE,  0.0191,  -0.3157,   0.0008, 0
A,  148, GLY,  0.0087,  -0.3203,   0.0006, 0
A,  149, LYS,  0.0330,  -0.3095,   0.0011, 0
A,  150, ASP,  0.0393,  -0.3067,   0.0013, 0
A,  151, LEU,  0.1783,  -0.2447,   0.0074, 0
A,  152, ILE,  0.0548,  -0.2998,   0.0018, 0
A,  153, TYR,  0.2248,  -0.2239,   0.0106, 1
A,  154, THR,  0.1258,  -0.2681,   0.0046, 0
A,  155, LEU,  0.0087,  -0.3203,   0.0006, 0
A,  156, TYR,  0.2152,  -0.2282,   0.0098, 0
A,  157, TYR,  0.3116,  -0.1851,   0.0179, 0
A,  158, TRP,  1.0573,   0.1478,   0.1671, 0
A,  159, LYS,  0.6966,  -0.0133,   0.0775, 0
A,  160, SER,  0.5087,  -0.0972,   0.0427, 0
A,  161, SER,  0.2772,  -0.2005,   0.0148, 0
A,  162, SER,  0.3343,  -0.1750,   0.0202, 0
A,  163, SER,  0.2720,  -0.2028,   0.0143, 0
A,  164, GLY,  0.3175,  -0.1825,   0.0185, 0
A,  165, LYS,  0.4510,  -0.1229,   0.0342, 0
A,  166, LYS,  0.3513,  -0.1674,   0.0220, 0
A,  167, THR,  0.0590,  -0.2979,   0.0019, 0
A,  168, ALA,  0.0340,  -0.3091,   0.0011, 0
A,  169, LYS,  0.1746,  -0.2463,   0.0072, 0
A,  170, THR,  0.0266,  -0.3123,   0.0009, 0
A,  171, ASN,  0.0150,  -0.3175,   0.0007, 0
A,  172, THR,  0.0108,  -0.3194,   0.0006, 0
A,  173, ASN,  0.0701,  -0.2929,   0.0023, 0
A,  174, GLU,  0.0190,  -0.3158,   0.0008, 0
A,  175, PHE,  0.0153,  -0.3174,   0.0007, 0
A,  176, LEU,  0.0473,  -0.3031,   0.0015, 0
A,  177, ILE,  0.0279,  -0.3118,   0.0010, 0
A,  178, ASP,  0.1552,  -0.2550,   0.0061, 0
A,  179, VAL,  0.1535,  -0.2557,   0.0060, 0
A,  180, ASP,  0.2776,  -0.2003,   0.0148, 0
A,  181, LYS,  0.0890,  -0.2845,   0.0029, 0
A,  182, GLY,  0.0724,  -0.2919,   0.0023, 0
A,  183, GLU,  0.0467,  -0.3034,   0.0015, 0
A,  184, ASN,  0.0796,  -0.2887,   0.0026, 0
A,  185, TYR,  0.3717,  -0.1583,   0.0243, 0
A,  186, CYS,  0.7358,   0.0043,   0.0862, 0
A,  187, PHE,  0.0000,  -0.3242,   0.0005, 0
A,  188, SER,  0.0317,  -0.3101,   0.0011, 0
A,  189, VAL,  0.0000,  -0.3242,   0.0005, 0
A,  190, GLN,  0.1801,  -0.2438,   0.0075, 0
A,  191, ALA,  0.1480,  -0.2582,   0.0057, 1
A,  192, VAL,  0.1132,  -0.2737,   0.0040, 0
A,  193, ILE,  0.0325,  -0.3097,   0.0011, 0
A,  194, PRO,  0.0709,  -0.2926,   0.0023, 0
A,  195, SER,  0.0276,  -0.3119,   0.0010, 0
A,  196, ARG,  0.0191,  -0.3157,   0.0008, 0
A,  197, THR,  0.0178,  -0.3163,   0.0008, 0
A,  198, VAL,  0.0249,  -0.3131,   0.0009, 0
A,  199, ASN,  0.0537,  -0.3003,   0.0017, 0
A,  200, ARG,  0.0793,  -0.2888,   0.0026, 0
A,  201, LYS,  0.2230,  -0.2247,   0.0104, 0
A,  202, SER,  0.1501,  -0.2572,   0.0058, 0
A,  203, THR,  0.0202,  -0.3152,   0.0008, 0
A,  204, ASP,  0.1046,  -0.2775,   0.0036, 0
A,  205, SER,  0.0118,  -0.3190,   0.0006, 0
A,  206, PRO,  0.0046,  -0.3222,   0.0005, 0
A,  207, VAL,  0.5556,  -0.0762,   0.0503, 0
A,  208, GLU,  0.0177,  -0.3163,   0.0008, 0
A,  209, CYS,  0.5966,  -0.0579,   0.0575, 0
A,  210, MET,  0.2380,  -0.2180,   0.0115, 0
A,  211, GLY,  0.1323,  -0.2652,   0.0049, 0
A,  212, GLN,  0.1742,  -0.2465,   0.0072, 0
A,  213, GLU,  0.0180,  -0.3162,   0.0008, 0
