"Query","HGNC_ID","Source"
"CHEMBL1075094","NFE2L2","biomart"
"CHEMBL1075104","LRRK2","biomart"
"CHEMBL1075126","PKLR","biomart"
"CHEMBL1075138","TDP1","biomart"
"CHEMBL1075145","VCP","biomart"
"CHEMBL1075189","PKM","biomart"
"CHEMBL1075317","WDR5","biomart"
"CHEMBL1075323","HSP90B1","biomart"
"CHEMBL1163101","ERN1","biomart"
"CHEMBL1163125","BRD4","biomart"
"CHEMBL1250348","MYC","biomart"
"CHEMBL1255126","MDM4","biomart"
"CHEMBL1287622","L3MBTL1","biomart"
"CHEMBL1293224","MAPT","biomart"
"CHEMBL1293226","KDM4E","biomart"
"CHEMBL1293232","SMN2","biomart"
"CHEMBL1293232","SMN1","biomart"
"CHEMBL1293237","BLM","biomart"
"CHEMBL1293255","HPGD","biomart"
"CHEMBL1293266","NOD2","biomart"
"CHEMBL1293277","NPC1","biomart"
"CHEMBL1293289","BRD2","biomart"
"CHEMBL1293299","KMT2A","biomart"
"CHEMBL1628481","APLNR","biomart"
"CHEMBL1741186","RORC","biomart"
"CHEMBL1744525","NAMPT","biomart"
"CHEMBL1781","TOP1","biomart"
"CHEMBL1782","FDPS","biomart"
"CHEMBL1784","GLP1R","biomart"
"CHEMBL1785","EDNRB","biomart"
"CHEMBL1790","AVPR2","biomart"
"CHEMBL1792","SSTR5","biomart"
"CHEMBL1795116","PRMT5","biomart"
"CHEMBL1795186","BRD3","biomart"
"CHEMBL1800","CRHR1","biomart"
"CHEMBL1801","PLG","biomart"
"CHEMBL1804","SSTR2","biomart"
"CHEMBL1808","ACE","biomart"
"CHEMBL1811","PTGER1","biomart"
"CHEMBL1821","CHRM4","biomart"
"CHEMBL1824","ERBB2","biomart"
"CHEMBL1825","TNF","biomart"
"CHEMBL1827","PDE5A","biomart"
"CHEMBL1829","HDAC3","biomart"
"CHEMBL1833","HTR2B","biomart"
"CHEMBL1835","TBXAS1","biomart"
"CHEMBL1836","PTGER4","biomart"
"CHEMBL1844","CSF1R","biomart"
"CHEMBL1850","DRD5","biomart"
"CHEMBL1853","SSTR4","biomart"
"CHEMBL1855","GNRHR","biomart"
"CHEMBL1860","THRA","biomart"
"CHEMBL1862","ABL1","biomart"
"CHEMBL1865","HDAC6","biomart"
"CHEMBL1867","ADRA2A","biomart"
"CHEMBL1868","FLT1","biomart"
"CHEMBL1871","AR","biomart"
"CHEMBL1875","HTR4","biomart"
"CHEMBL1878","CASR","biomart"
"CHEMBL1881","PTGER2","biomart"
"CHEMBL1889","AVPR1A","biomart"
"CHEMBL1898","HTR1B","biomart"
"CHEMBL1899","HTR3A","biomart"
"CHEMBL1900","AKR1B1","biomart"
"CHEMBL1901","CCKAR","biomart"
"CHEMBL1902","FKBP1A","biomart"
"CHEMBL1906","RAF1","biomart"
"CHEMBL1907","ANPEP","biomart"
"CHEMBL1908","CYP11B1","biomart"
"CHEMBL1908389","MAP3K12","biomart"
"CHEMBL1913","PDGFRB","biomart"
"CHEMBL1914","BCHE","biomart"
"CHEMBL1916","ADRA2C","biomart"
"CHEMBL1917","SSTR1","biomart"
"CHEMBL1921","AVPR1B","biomart"
"CHEMBL1929","XDH","biomart"
"CHEMBL1936","KIT","biomart"
"CHEMBL1937","HDAC2","biomart"
"CHEMBL1942","ADRA2B","biomart"
"CHEMBL1944","MME","biomart"
"CHEMBL1945","MTNR1A","biomart"
"CHEMBL1946","MTNR1B","biomart"
"CHEMBL1947","THRB","biomart"
"CHEMBL1951","MAOA","biomart"
"CHEMBL1952","TYMS","biomart"
"CHEMBL1955","FLT4","biomart"
"CHEMBL1957","IGF1R","biomart"
"CHEMBL1963","TSHR","biomart"
"CHEMBL1966","DHODH","biomart"
"CHEMBL1968","EPHX1","biomart"
"CHEMBL1974","FLT3","biomart"
"CHEMBL1977","VDR","biomart"
"CHEMBL1978","CYP19A1","biomart"
"CHEMBL1980","SCN5A","biomart"
"CHEMBL1983","HTR1D","biomart"
"CHEMBL1985","GCGR","biomart"
"CHEMBL1991","IKBKB","biomart"
"CHEMBL1994","NR3C2","biomart"
"CHEMBL1995","PTGIR","biomart"
"CHEMBL1997","SLC29A1","biomart"
"CHEMBL2000","KLKB1","biomart"
"CHEMBL2001","P2RY12","biomart"
"CHEMBL2002","IMPDH2","biomart"
"CHEMBL2003","RARG","biomart"
"CHEMBL2007","PDGFRA","biomart"
"CHEMBL2007625","IDH1","biomart"
"CHEMBL2008","RARB","biomart"
"CHEMBL2010631","ACKR3","biomart"
"CHEMBL2014","OPRL1","biomart"
"CHEMBL2016","F9","biomart"
"CHEMBL202","DHFR","biomart"
"CHEMBL2028","SSTR3","biomart"
"CHEMBL203","EGFR","biomart"
"CHEMBL2034","NR3C1","biomart"
"CHEMBL2035","CHRM5","biomart"
"CHEMBL2039","MAOB","biomart"
"CHEMBL204","F2","biomart"
"CHEMBL2041","RET","biomart"
"CHEMBL2047","NR1H4","biomart"
"CHEMBL2049","OXTR","biomart"
"CHEMBL205","CA2","biomart"
"CHEMBL2056","DRD1","biomart"
"CHEMBL206","ESR1","biomart"
"CHEMBL2061","RXRA","biomart"
"CHEMBL2069","TBXA2R","biomart"
"CHEMBL2069156","KEAP1","biomart"
"CHEMBL2079846","SOS1","biomart"
"CHEMBL208","PGR","biomart"
"CHEMBL2083","FABP4","biomart"
"CHEMBL209","PRSS1","biomart"
"CHEMBL210","ADRB2","biomart"
"CHEMBL2107","CXCR4","biomart"
"CHEMBL211","CHRM2","biomart"
"CHEMBL213","ADRB1","biomart"
"CHEMBL214","HTR1A","biomart"
"CHEMBL2140","TDO2","biomart"
"CHEMBL2146302","GLS","biomart"
"CHEMBL2147","PIM1","biomart"
"CHEMBL2148","JAK3","biomart"
"CHEMBL215","ALOX5","biomart"
"CHEMBL2157850","USP7","biomart"
"CHEMBL216","CHRM1","biomart"
"CHEMBL217","DRD2","biomart"
"CHEMBL2176771","CFD","biomart"
"CHEMBL2179","GBA1","biomart"
"CHEMBL218","CNR1","biomart"
"CHEMBL2185","AURKB","biomart"
"CHEMBL2189110","EZH2","biomart"
"CHEMBL2189121","KRAS","biomart"
"CHEMBL219","DRD4","biomart"
"CHEMBL220","ACHE","biomart"
"CHEMBL2203","MLNR","biomart"
"CHEMBL2208","MAPKAPK2","biomart"
"CHEMBL221","PTGS1","biomart"
"CHEMBL222","SLC6A2","biomart"
"CHEMBL223","ADRA1D","biomart"
"CHEMBL2231","CYP1A1","biomart"
"CHEMBL224","HTR2A","biomart"
"CHEMBL2243","FAAH","biomart"
"CHEMBL225","HTR2C","biomart"
"CHEMBL226","ADORA1","biomart"
"CHEMBL2265","CES1","biomart"
"CHEMBL227","AGTR1","biomart"
"CHEMBL2274","S1PR5","biomart"
"CHEMBL2276","MAPK8","biomart"
"CHEMBL228","SLC6A4","biomart"
"CHEMBL2285","ADAMTS5","biomart"
"CHEMBL2288","PIN1","biomart"
"CHEMBL229","ADRA1A","biomart"
"CHEMBL2292","DYRK1A","biomart"
"CHEMBL230","PTGS2","biomart"
"CHEMBL231","HRH1","biomart"
"CHEMBL2311243","PHGDH","biomart"
"CHEMBL2318","ADAMTS4","biomart"
"CHEMBL232","ADRA1B","biomart"
"CHEMBL2326","CA7","biomart"
"CHEMBL2327","TACR2","biomart"
"CHEMBL233","OPRM1","biomart"
"CHEMBL2334","CASP3","biomart"
"CHEMBL2337","SLC6A9","biomart"
"CHEMBL234","DRD3","biomart"
"CHEMBL2345","RPS6KA3","biomart"
"CHEMBL235","PPARG","biomart"
"CHEMBL236","OPRD1","biomart"
"CHEMBL237","OPRK1","biomart"
"CHEMBL2373","C5AR1","biomart"
"CHEMBL238","SLC6A3","biomart"
"CHEMBL239","PPARA","biomart"
"CHEMBL2392","POLB","biomart"
"CHEMBL240","KCNH2","biomart"
"CHEMBL2409","EPHX2","biomart"
"CHEMBL241","PDE3A","biomart"
"CHEMBL2413","CCR1","biomart"
"CHEMBL2414","CCR4","biomart"
"CHEMBL242","ESR2","biomart"
"CHEMBL2431","AKT2","biomart"
"CHEMBL2434","CXCR2","biomart"
"CHEMBL2439","MPO","biomart"
"CHEMBL244","F10","biomart"
"CHEMBL245","CHRM3","biomart"
"CHEMBL246","ADRB3","biomart"
"CHEMBL248","ELANE","biomart"
"CHEMBL2487","APP","biomart"
"CHEMBL249","TACR1","biomart"
"CHEMBL2492","CHRNA7","biomart"
"CHEMBL250","PTAFR","biomart"
"CHEMBL2508","CDK6","biomart"
"CHEMBL251","ADORA2A","biomart"
"CHEMBL252","EDNRA","biomart"
"CHEMBL2525","BACE2","biomart"
"CHEMBL2527","CHEK2","biomart"
"CHEMBL253","CNR2","biomart"
"CHEMBL2534","PDPK1","biomart"
"CHEMBL2535","SLC2A1","biomart"
"CHEMBL254","PDE4A","biomart"
"CHEMBL255","ADORA2B","biomart"
"CHEMBL256","ADORA3","biomart"
"CHEMBL2563","HDAC5","biomart"
"CHEMBL2568","PYGL","biomart"
"CHEMBL258","LCK","biomart"
"CHEMBL2581","CTSD","biomart"
"CHEMBL259","MC4R","biomart"
"CHEMBL2593","NMT1","biomart"
"CHEMBL2599","SYK","biomart"
"CHEMBL260","MAPK14","biomart"
"CHEMBL2608","GAA","biomart"
"CHEMBL261","CA1","biomart"
"CHEMBL262","GSK3B","biomart"
"CHEMBL2637","MAPK10","biomart"
"CHEMBL264","HRH3","biomart"
"CHEMBL2652","PDE2A","biomart"
"CHEMBL267","SRC","biomart"
"CHEMBL268","CTSK","biomart"
"CHEMBL2695","PTK2","biomart"
"CHEMBL2716","HDAC7","biomart"
"CHEMBL2722","CYP11B2","biomart"
"CHEMBL2730","TGM2","biomart"
"CHEMBL2736","GRM4","biomart"
"CHEMBL274","CCR5","biomart"
"CHEMBL2742","FGFR3","biomart"
"CHEMBL275","PDE4B","biomart"
"CHEMBL2781","SLC9A1","biomart"
"CHEMBL2782","SOAT1","biomart"
"CHEMBL2789","HSD17B2","biomart"
"CHEMBL279","KDR","biomart"
"CHEMBL280","MMP13","biomart"
"CHEMBL2808","NR1H3","biomart"
"CHEMBL2815","NTRK1","biomart"
"CHEMBL2820","F11","biomart"
"CHEMBL2821","F12","biomart"
"CHEMBL2828","CSNK1D","biomart"
"CHEMBL283","MMP3","biomart"
"CHEMBL2835","JAK1","biomart"
"CHEMBL284","DPP4","biomart"
"CHEMBL2842","MTOR","biomart"
"CHEMBL2850","GSK3A","biomart"
"CHEMBL286","REN","biomart"
"CHEMBL287","SIGMAR1","biomart"
"CHEMBL288","PDE4D","biomart"
"CHEMBL289","CYP2D6","biomart"
"CHEMBL2903","ALOX15","biomart"
"CHEMBL2916","TERT","biomart"
"CHEMBL2954","CTSS","biomart"
"CHEMBL2955","S1PR2","biomart"
"CHEMBL2959","ITK","biomart"
"CHEMBL2971","JAK2","biomart"
"CHEMBL2973","ROCK2","biomart"
"CHEMBL298","CCKBR","biomart"
"CHEMBL299","PRKCA","biomart"
"CHEMBL2996","PRKCD","biomart"
"CHEMBL3004","ABCC1","biomart"
"CHEMBL3009","ERBB4","biomart"
"CHEMBL301","CDK2","biomart"
"CHEMBL3012","PDE7A","biomart"
"CHEMBL3023","SPHK2","biomart"
"CHEMBL3024","PLK1","biomart"
"CHEMBL3025","CA6","biomart"
"CHEMBL3028","EGLN2","biomart"
"CHEMBL3045","PRKCB","biomart"
"CHEMBL308","CDK1","biomart"
"CHEMBL3105","PARP1","biomart"
"CHEMBL3108640","BRD9","biomart"
"CHEMBL3116","CDK9","biomart"
"CHEMBL3130","PIK3CD","biomart"
"CHEMBL3132741","BRPF1","biomart"
"CHEMBL3142","PRKDC","biomart"
"CHEMBL3145","PIK3CB","biomart"
"CHEMBL3155","HTR7","biomart"
"CHEMBL3157","BDKRB2","biomart"
"CHEMBL3180","CES2","biomart"
"CHEMBL3181","HSD17B1","biomart"
"CHEMBL3192","HDAC8","biomart"
"CHEMBL3201","AHR","biomart"
"CHEMBL3202","PREP","biomart"
"CHEMBL321","MMP9","biomart"
"CHEMBL3227","GRM5","biomart"
"CHEMBL3230","S1PR4","biomart"
"CHEMBL3231","ROCK1","biomart"
"CHEMBL3234","HCK","biomart"
"CHEMBL3242","CA12","biomart"
"CHEMBL325","HDAC1","biomart"
"CHEMBL3251","NFKB1","biomart"
"CHEMBL3267","PIK3CG","biomart"
"CHEMBL3268","PI4KB","biomart"
"CHEMBL3286","PLAU","biomart"
"CHEMBL3308","CASP6","biomart"
"CHEMBL331","CDK4","biomart"
"CHEMBL3310","HDAC11","biomart"
"CHEMBL332","MMP1","biomart"
"CHEMBL333","MMP2","biomart"
"CHEMBL335","PTPN1","biomart"
"CHEMBL3351","ACACA","biomart"
"CHEMBL3356","CYP1A2","biomart"
"CHEMBL3371","HTR6","biomart"
"CHEMBL3392948","SLC40A1","biomart"
"CHEMBL3397","CYP2C9","biomart"
"CHEMBL3399910","GPR88","biomart"
"CHEMBL340","CYP3A4","biomart"
"CHEMBL3426","HTR5A","biomart"
"CHEMBL344","MCHR1","biomart"
"CHEMBL3468","CASP7","biomart"
"CHEMBL3473","CCR3","biomart"
"CHEMBL3474","PLA2G2A","biomart"
"CHEMBL3492","PSMB2","biomart"
"CHEMBL3510","CA14","biomart"
"CHEMBL3524","HDAC4","biomart"
"CHEMBL3529","IKBKE","biomart"
"CHEMBL3540","CMKLR1","biomart"
"CHEMBL3553","TYK2","biomart"
"CHEMBL3568","NOS1","biomart"
"CHEMBL3572","CETP","biomart"
"CHEMBL3577","ALDH1A1","biomart"
"CHEMBL3582","PRKCE","biomart"
"CHEMBL3587","MAP2K1","biomart"
"CHEMBL3588740","BCDIN3D","biomart"
"CHEMBL3589","ADK","biomart"
"CHEMBL3594","CA9","biomart"
"CHEMBL3616","PRKCH","biomart"
"CHEMBL3622","CYP2C19","biomart"
"CHEMBL3629","CSNK2A1","biomart"
"CHEMBL3632452","MALT1","biomart"
"CHEMBL3650","FGFR1","biomart"
"CHEMBL3663","GRB2","biomart"
"CHEMBL3687","ALOX12","biomart"
"CHEMBL3691","ENPP2","biomart"
"CHEMBL3706","ADAM17","biomart"
"CHEMBL3710","PTGER3","biomart"
"CHEMBL3713062","TFPI","biomart"
"CHEMBL3714079","GPR84","biomart"
"CHEMBL3714130","GPR6","biomart"
"CHEMBL3714531","NOTUM","biomart"
"CHEMBL3717","MET","biomart"
"CHEMBL3729","CA4","biomart"
"CHEMBL3759","HRH4","biomart"
"CHEMBL3764","UTS2R","biomart"
"CHEMBL3772","GRM1","biomart"
"CHEMBL3776","CASP8","biomart"
"CHEMBL3778","IRAK4","biomart"
"CHEMBL3784","EP300","biomart"
"CHEMBL3785","HCAR2","biomart"
"CHEMBL3788","PLK4","biomart"
"CHEMBL3795","MC1R","biomart"
"CHEMBL3797","ATM","biomart"
"CHEMBL3798","CALCRL","biomart"
"CHEMBL3807","PTPN2","biomart"
"CHEMBL3816","PLA2G4A","biomart"
"CHEMBL3819","LPAR1","biomart"
"CHEMBL3820","GCK","biomart"
"CHEMBL3830","AAK1","biomart"
"CHEMBL3837","CTSL","biomart"
"CHEMBL3861","PDK2","biomart"
"CHEMBL3864","PTPN11","biomart"
"CHEMBL3869","MMP14","biomart"
"CHEMBL3880","HSP90AA1","biomart"
"CHEMBL3884","SLC5A2","biomart"
"CHEMBL3891","CAPN1","biomart"
"CHEMBL3892","S1PR3","biomart"
"CHEMBL3905","LYN","biomart"
"CHEMBL3906","RPS6KA2","biomart"
"CHEMBL3911","LTB4R","biomart"
"CHEMBL3920","PRKCQ","biomart"
"CHEMBL3921","HPSE","biomart"
"CHEMBL3922","METAP2","biomart"
"CHEMBL3959","NQO2","biomart"
"CHEMBL3969","CA5B","biomart"
"CHEMBL3973","FGFR4","biomart"
"CHEMBL3974","F2R","biomart"
"CHEMBL3975","FBP1","biomart"
"CHEMBL3976","DPP7","biomart"
"CHEMBL3979","PPARD","biomart"
"CHEMBL3983","TTK","biomart"
"CHEMBL3988583","SPR","biomart"
"CHEMBL3991","F7","biomart"
"CHEMBL4005","PIK3CA","biomart"
"CHEMBL4015","CCR2","biomart"
"CHEMBL4018","NPY2R","biomart"
"CHEMBL4026","STAT3","biomart"
"CHEMBL4040","MAPK1","biomart"
"CHEMBL4068","CMA1","biomart"
"CHEMBL4070","CSNK2A2","biomart"
"CHEMBL4072","CTSB","biomart"
"CHEMBL4073","MMP7","biomart"
"CHEMBL4080","BRS3","biomart"
"CHEMBL4093","NR1H2","biomart"
"CHEMBL4096","TP53","biomart"
"CHEMBL4105907","TMEM97","biomart"
"CHEMBL4123","NTSR1","biomart"
"CHEMBL4128","TEK","biomart"
"CHEMBL4142","FGFR2","biomart"
"CHEMBL4145","HDAC9","biomart"
"CHEMBL4158","FASN","biomart"
"CHEMBL4159","HSD17B10","biomart"
"CHEMBL4163","TLR2","biomart"
"CHEMBL4179","MAPK9","biomart"
"CHEMBL4191","MGLL","biomart"
"CHEMBL4198","XIAP","biomart"
"CHEMBL4203","CLK4","biomart"
"CHEMBL4204","MKNK2","biomart"
"CHEMBL4224","CLK1","biomart"
"CHEMBL4225","CLK2","biomart"
"CHEMBL4226","CLK3","biomart"
"CHEMBL4227","FPR2","biomart"
"CHEMBL4235","HSD11B1","biomart"
"CHEMBL4247","ALK","biomart"
"CHEMBL4261","HIF1A","biomart"
"CHEMBL4282","AKT1","biomart"
"CHEMBL4296","SCN9A","biomart"
"CHEMBL4302","ABCB1","biomart"
"CHEMBL4303","HSP90AB1","biomart"
"CHEMBL4308","BDKRB1","biomart"
"CHEMBL4315","P2RY1","biomart"
"CHEMBL4333","S1PR1","biomart"
"CHEMBL4361","MCL1","biomart"
"CHEMBL4393","MMP12","biomart"
"CHEMBL4394","SPHK1","biomart"
"CHEMBL4409","PDE10A","biomart"
"CHEMBL4411","PTGES2","biomart"
"CHEMBL4422","FFAR1","biomart"
"CHEMBL4427","PTGDR","biomart"
"CHEMBL4429","TACR3","biomart"
"CHEMBL4439","TGFBR1","biomart"
"CHEMBL4441","CXCR3","biomart"
"CHEMBL4462","SIRT2","biomart"
"CHEMBL4481","NOS2","biomart"
"CHEMBL4501","RPS6KB1","biomart"
"CHEMBL4506","SIRT1","biomart"
"CHEMBL4508","QPCT","biomart"
"CHEMBL4518","P2RY14","biomart"
"CHEMBL4523","PIM2","biomart"
"CHEMBL4523156","USP19","biomart"
"CHEMBL4523377","STING1","biomart"
"CHEMBL4527","TNIK","biomart"
"CHEMBL4531","LGALS3","biomart"
"CHEMBL4550","ALOX5AP","biomart"
"CHEMBL4561","NPY5R","biomart"
"CHEMBL4578","MELK","biomart"
"CHEMBL4581","KIF11","biomart"
"CHEMBL4588","MMP8","biomart"
"CHEMBL4598","STK4","biomart"
"CHEMBL4599","TNK2","biomart"
"CHEMBL4607","AGTR2","biomart"
"CHEMBL4608","MC5R","biomart"
"CHEMBL4616","GHSR","biomart"
"CHEMBL4618","LTA4H","biomart"
"CHEMBL4625","BCL2L1","biomart"
"CHEMBL4630","CHEK1","biomart"
"CHEMBL4644","MC3R","biomart"
"CHEMBL4657","DPP8","biomart"
"CHEMBL4660","CD38","biomart"
"CHEMBL4662","PSMB5","biomart"
"CHEMBL4681","AKR1C3","biomart"
"CHEMBL4683","FAP","biomart"
"CHEMBL4685","IDO1","biomart"
"CHEMBL4691","F2RL3","biomart"
"CHEMBL4718","MKNK1","biomart"
"CHEMBL4722","AURKA","biomart"
"CHEMBL4739695","METTL3","biomart"
"CHEMBL4766","PDK1","biomart"
"CHEMBL4777","NPY1R","biomart"
"CHEMBL4789","CA5A","biomart"
"CHEMBL4792","HCRTR2","biomart"
"CHEMBL4793","DPP9","biomart"
"CHEMBL4801","CASP1","biomart"
"CHEMBL4816","AKT3","biomart"
"CHEMBL4822","BACE1","biomart"
"CHEMBL4829","ACACB","biomart"
"CHEMBL4835","LDHA","biomart"
"CHEMBL4879459","CBLB","biomart"
"CHEMBL4895","AXL","biomart"
"CHEMBL4898","NTRK2","biomart"
"CHEMBL4937","CSNK1E","biomart"
"CHEMBL4979","SLC5A1","biomart"
"CHEMBL5014","RIPK2","biomart"
"CHEMBL5023","MDM2","biomart"
"CHEMBL5024","ATR","biomart"
"CHEMBL5071","PTGDR2","biomart"
"CHEMBL5103","HDAC10","biomart"
"CHEMBL5113","HCRTR1","biomart"
"CHEMBL5137","GRM2","biomart"
"CHEMBL5145","BRAF","biomart"
"CHEMBL5147","EPHB4","biomart"
"CHEMBL5162","NPSR1","biomart"
"CHEMBL5251","BTK","biomart"
"CHEMBL5282","CYP2A6","biomart"
"CHEMBL5285","MAP3K5","biomart"
"CHEMBL5319","DDR1","biomart"
"CHEMBL5331","MERTK","biomart"
"CHEMBL5366","PARP2","biomart"
"CHEMBL5393","ABCG2","biomart"
"CHEMBL5401","STAT6","biomart"
"CHEMBL5407","PIM3","biomart"
"CHEMBL5408","TBK1","biomart"
"CHEMBL5409","GPBAR1","biomart"
"CHEMBL5422","P4HB","biomart"
"CHEMBL5443","CDC7","biomart"
"CHEMBL5462","BIRC2","biomart"
"CHEMBL5464","RIPK1","biomart"
"CHEMBL5469","PTK2B","biomart"
"CHEMBL5491","WEE1","biomart"
"CHEMBL5514","HTT","biomart"
"CHEMBL5543","DYRK1B","biomart"
"CHEMBL5568","ROS1","biomart"
"CHEMBL5608","NTRK3","biomart"
"CHEMBL5619","APEX1","biomart"
"CHEMBL5620","PSMB8","biomart"
"CHEMBL5646","FPR3","biomart"
"CHEMBL5652","GPR119","biomart"
"CHEMBL5658","PTGES","biomart"
"CHEMBL5697","EGLN1","biomart"
"CHEMBL5719","CDK8","biomart"
"CHEMBL5747","CREBBP","biomart"
"CHEMBL5749","MAP4K1","biomart"
"CHEMBL5804","TLR9","biomart"
"CHEMBL5805","TLR8","biomart"
"CHEMBL5815","CCR9","biomart"
"CHEMBL5855","NEK1","biomart"
"CHEMBL5879","HPGDS","biomart"
"CHEMBL5888","MAP3K14","biomart"
"CHEMBL5896","KDM4A","biomart"
"CHEMBL5903","ACVR1","biomart"
"CHEMBL5932","LIMK2","biomart"
"CHEMBL5936","TLR7","biomart"
"CHEMBL5971","SMO","biomart"
"CHEMBL5979","ALPL","biomart"
"CHEMBL6009","DGAT1","biomart"
"CHEMBL6032","EHMT2","biomart"
"CHEMBL6115","CTSA","biomart"
"CHEMBL6120","SLC22A12","biomart"
"CHEMBL6136","KDM1A","biomart"
"CHEMBL6152","SNCA","biomart"
"CHEMBL6154","TNKS2","biomart"
"CHEMBL6164","TNKS","biomart"
"CHEMBL6166","MAP4K4","biomart"
"CHEMBL6167","LATS1","biomart"
"CHEMBL6175","KDM4C","biomart"
"CHEMBL1075094",NA,"hgnc_dataset"
"CHEMBL1075104",NA,"hgnc_dataset"
"CHEMBL1075110",NA,"hgnc_dataset"
"CHEMBL1075126",NA,"hgnc_dataset"
"CHEMBL1075138",NA,"hgnc_dataset"
"CHEMBL1075145",NA,"hgnc_dataset"
"CHEMBL1075189",NA,"hgnc_dataset"
"CHEMBL1075232",NA,"hgnc_dataset"
"CHEMBL1075317",NA,"hgnc_dataset"
"CHEMBL1075323",NA,"hgnc_dataset"
"CHEMBL1163101",NA,"hgnc_dataset"
"CHEMBL1163125",NA,"hgnc_dataset"
"CHEMBL1169598",NA,"hgnc_dataset"
"CHEMBL1250348",NA,"hgnc_dataset"
"CHEMBL1255126",NA,"hgnc_dataset"
"CHEMBL1255150",NA,"hgnc_dataset"
"CHEMBL1287622",NA,"hgnc_dataset"
"CHEMBL1293224",NA,"hgnc_dataset"
"CHEMBL1293226",NA,"hgnc_dataset"
"CHEMBL1293231",NA,"hgnc_dataset"
"CHEMBL1293232",NA,"hgnc_dataset"
"CHEMBL1293237",NA,"hgnc_dataset"
"CHEMBL1293255",NA,"hgnc_dataset"
"CHEMBL1293266",NA,"hgnc_dataset"
"CHEMBL1293269",NA,"hgnc_dataset"
"CHEMBL1293277",NA,"hgnc_dataset"
"CHEMBL1293289",NA,"hgnc_dataset"
"CHEMBL1293299",NA,"hgnc_dataset"
"CHEMBL1628481",NA,"hgnc_dataset"
"CHEMBL1741186",NA,"hgnc_dataset"
"CHEMBL1741208",NA,"hgnc_dataset"
"CHEMBL1744525",NA,"hgnc_dataset"
"CHEMBL1781",NA,"hgnc_dataset"
"CHEMBL1782",NA,"hgnc_dataset"
"CHEMBL1784",NA,"hgnc_dataset"
"CHEMBL1785",NA,"hgnc_dataset"
"CHEMBL1790",NA,"hgnc_dataset"
"CHEMBL1792",NA,"hgnc_dataset"
"CHEMBL1795086",NA,"hgnc_dataset"
"CHEMBL1795116",NA,"hgnc_dataset"
"CHEMBL1795186",NA,"hgnc_dataset"
"CHEMBL1800",NA,"hgnc_dataset"
"CHEMBL1801",NA,"hgnc_dataset"
"CHEMBL1804",NA,"hgnc_dataset"
"CHEMBL1808",NA,"hgnc_dataset"
"CHEMBL1809",NA,"hgnc_dataset"
"CHEMBL1811",NA,"hgnc_dataset"
"CHEMBL1821",NA,"hgnc_dataset"
"CHEMBL1824",NA,"hgnc_dataset"
"CHEMBL1825",NA,"hgnc_dataset"
"CHEMBL1827",NA,"hgnc_dataset"
"CHEMBL1829",NA,"hgnc_dataset"
"CHEMBL1833",NA,"hgnc_dataset"
"CHEMBL1835",NA,"hgnc_dataset"
"CHEMBL1836",NA,"hgnc_dataset"
"CHEMBL1844",NA,"hgnc_dataset"
"CHEMBL1849",NA,"hgnc_dataset"
"CHEMBL1850",NA,"hgnc_dataset"
"CHEMBL1853",NA,"hgnc_dataset"
"CHEMBL1855",NA,"hgnc_dataset"
"CHEMBL1860",NA,"hgnc_dataset"
"CHEMBL1862",NA,"hgnc_dataset"
"CHEMBL1865",NA,"hgnc_dataset"
"CHEMBL1867",NA,"hgnc_dataset"
"CHEMBL1868",NA,"hgnc_dataset"
"CHEMBL1871",NA,"hgnc_dataset"
"CHEMBL1875",NA,"hgnc_dataset"
"CHEMBL1878",NA,"hgnc_dataset"
"CHEMBL1881",NA,"hgnc_dataset"
"CHEMBL1889",NA,"hgnc_dataset"
"CHEMBL1898",NA,"hgnc_dataset"
"CHEMBL1899",NA,"hgnc_dataset"
"CHEMBL1900",NA,"hgnc_dataset"
"CHEMBL1901",NA,"hgnc_dataset"
"CHEMBL1902",NA,"hgnc_dataset"
"CHEMBL1906",NA,"hgnc_dataset"
"CHEMBL1907",NA,"hgnc_dataset"
"CHEMBL1908",NA,"hgnc_dataset"
"CHEMBL1908389",NA,"hgnc_dataset"
"CHEMBL1913",NA,"hgnc_dataset"
"CHEMBL1914",NA,"hgnc_dataset"
"CHEMBL1916",NA,"hgnc_dataset"
"CHEMBL1917",NA,"hgnc_dataset"
"CHEMBL1921",NA,"hgnc_dataset"
"CHEMBL1921666",NA,"hgnc_dataset"
"CHEMBL1926",NA,"hgnc_dataset"
"CHEMBL1929",NA,"hgnc_dataset"
"CHEMBL1936",NA,"hgnc_dataset"
"CHEMBL1937",NA,"hgnc_dataset"
"CHEMBL1941",NA,"hgnc_dataset"
"CHEMBL1942",NA,"hgnc_dataset"
"CHEMBL1944",NA,"hgnc_dataset"
"CHEMBL1945",NA,"hgnc_dataset"
"CHEMBL1946",NA,"hgnc_dataset"
"CHEMBL1947",NA,"hgnc_dataset"
"CHEMBL1951",NA,"hgnc_dataset"
"CHEMBL1952",NA,"hgnc_dataset"
"CHEMBL1955",NA,"hgnc_dataset"
"CHEMBL1957",NA,"hgnc_dataset"
"CHEMBL1963",NA,"hgnc_dataset"
"CHEMBL1966",NA,"hgnc_dataset"
"CHEMBL1968",NA,"hgnc_dataset"
"CHEMBL1974",NA,"hgnc_dataset"
"CHEMBL1977",NA,"hgnc_dataset"
"CHEMBL1978",NA,"hgnc_dataset"
"CHEMBL1980",NA,"hgnc_dataset"
"CHEMBL1983",NA,"hgnc_dataset"
"CHEMBL1985",NA,"hgnc_dataset"
"CHEMBL1991",NA,"hgnc_dataset"
"CHEMBL1994",NA,"hgnc_dataset"
"CHEMBL1995",NA,"hgnc_dataset"
"CHEMBL1997",NA,"hgnc_dataset"
"CHEMBL2000",NA,"hgnc_dataset"
"CHEMBL2001",NA,"hgnc_dataset"
"CHEMBL2002",NA,"hgnc_dataset"
"CHEMBL2003",NA,"hgnc_dataset"
"CHEMBL2007",NA,"hgnc_dataset"
"CHEMBL2007625",NA,"hgnc_dataset"
"CHEMBL2008",NA,"hgnc_dataset"
"CHEMBL2010631",NA,"hgnc_dataset"
"CHEMBL2014",NA,"hgnc_dataset"
"CHEMBL2016",NA,"hgnc_dataset"
"CHEMBL202",NA,"hgnc_dataset"
"CHEMBL2026",NA,"hgnc_dataset"
"CHEMBL2028",NA,"hgnc_dataset"
"CHEMBL203",NA,"hgnc_dataset"
"CHEMBL2034",NA,"hgnc_dataset"
"CHEMBL2035",NA,"hgnc_dataset"
"CHEMBL2039",NA,"hgnc_dataset"
"CHEMBL204",NA,"hgnc_dataset"
"CHEMBL2041",NA,"hgnc_dataset"
"CHEMBL2047",NA,"hgnc_dataset"
"CHEMBL2049",NA,"hgnc_dataset"
"CHEMBL205",NA,"hgnc_dataset"
"CHEMBL2051",NA,"hgnc_dataset"
"CHEMBL2056",NA,"hgnc_dataset"
"CHEMBL206",NA,"hgnc_dataset"
"CHEMBL2061",NA,"hgnc_dataset"
"CHEMBL2069",NA,"hgnc_dataset"
"CHEMBL2069156",NA,"hgnc_dataset"
"CHEMBL2079846",NA,"hgnc_dataset"
"CHEMBL208",NA,"hgnc_dataset"
"CHEMBL2083",NA,"hgnc_dataset"
"CHEMBL209",NA,"hgnc_dataset"
"CHEMBL210",NA,"hgnc_dataset"
"CHEMBL2107",NA,"hgnc_dataset"
"CHEMBL211",NA,"hgnc_dataset"
"CHEMBL213",NA,"hgnc_dataset"
"CHEMBL214",NA,"hgnc_dataset"
"CHEMBL2140",NA,"hgnc_dataset"
"CHEMBL2146302",NA,"hgnc_dataset"
"CHEMBL2147",NA,"hgnc_dataset"
"CHEMBL2148",NA,"hgnc_dataset"
"CHEMBL215",NA,"hgnc_dataset"
"CHEMBL2157850",NA,"hgnc_dataset"
"CHEMBL216",NA,"hgnc_dataset"
"CHEMBL217",NA,"hgnc_dataset"
"CHEMBL2176771",NA,"hgnc_dataset"
"CHEMBL2179",NA,"hgnc_dataset"
"CHEMBL218",NA,"hgnc_dataset"
"CHEMBL2185",NA,"hgnc_dataset"
"CHEMBL2189110",NA,"hgnc_dataset"
"CHEMBL2189121",NA,"hgnc_dataset"
"CHEMBL219",NA,"hgnc_dataset"
"CHEMBL220",NA,"hgnc_dataset"
"CHEMBL2203",NA,"hgnc_dataset"
"CHEMBL2207",NA,"hgnc_dataset"
"CHEMBL2208",NA,"hgnc_dataset"
"CHEMBL221",NA,"hgnc_dataset"
"CHEMBL222",NA,"hgnc_dataset"
"CHEMBL223",NA,"hgnc_dataset"
"CHEMBL2231",NA,"hgnc_dataset"
"CHEMBL224",NA,"hgnc_dataset"
"CHEMBL2243",NA,"hgnc_dataset"
"CHEMBL225",NA,"hgnc_dataset"
"CHEMBL226",NA,"hgnc_dataset"
"CHEMBL2265",NA,"hgnc_dataset"
"CHEMBL227",NA,"hgnc_dataset"
"CHEMBL2274",NA,"hgnc_dataset"
"CHEMBL2276",NA,"hgnc_dataset"
"CHEMBL228",NA,"hgnc_dataset"
"CHEMBL2285",NA,"hgnc_dataset"
"CHEMBL2288",NA,"hgnc_dataset"
"CHEMBL229",NA,"hgnc_dataset"
"CHEMBL2292",NA,"hgnc_dataset"
"CHEMBL230",NA,"hgnc_dataset"
"CHEMBL231",NA,"hgnc_dataset"
"CHEMBL2311243",NA,"hgnc_dataset"
"CHEMBL2318",NA,"hgnc_dataset"
"CHEMBL232",NA,"hgnc_dataset"
"CHEMBL2326",NA,"hgnc_dataset"
"CHEMBL2327",NA,"hgnc_dataset"
"CHEMBL233",NA,"hgnc_dataset"
"CHEMBL2334",NA,"hgnc_dataset"
"CHEMBL2336",NA,"hgnc_dataset"
"CHEMBL2337",NA,"hgnc_dataset"
"CHEMBL234",NA,"hgnc_dataset"
"CHEMBL2345",NA,"hgnc_dataset"
"CHEMBL235",NA,"hgnc_dataset"
"CHEMBL236",NA,"hgnc_dataset"
"CHEMBL2363",NA,"hgnc_dataset"
"CHEMBL2366517",NA,"hgnc_dataset"
"CHEMBL237",NA,"hgnc_dataset"
"CHEMBL2373",NA,"hgnc_dataset"
"CHEMBL238",NA,"hgnc_dataset"
"CHEMBL239",NA,"hgnc_dataset"
"CHEMBL2392",NA,"hgnc_dataset"
"CHEMBL240",NA,"hgnc_dataset"
"CHEMBL2409",NA,"hgnc_dataset"
"CHEMBL241",NA,"hgnc_dataset"
"CHEMBL2413",NA,"hgnc_dataset"
"CHEMBL2414",NA,"hgnc_dataset"
"CHEMBL242",NA,"hgnc_dataset"
"CHEMBL2425",NA,"hgnc_dataset"
"CHEMBL243",NA,"hgnc_dataset"
"CHEMBL2431",NA,"hgnc_dataset"
"CHEMBL2434",NA,"hgnc_dataset"
"CHEMBL2439",NA,"hgnc_dataset"
"CHEMBL244",NA,"hgnc_dataset"
"CHEMBL245",NA,"hgnc_dataset"
"CHEMBL246",NA,"hgnc_dataset"
"CHEMBL247",NA,"hgnc_dataset"
"CHEMBL248",NA,"hgnc_dataset"
"CHEMBL2487",NA,"hgnc_dataset"
"CHEMBL249",NA,"hgnc_dataset"
"CHEMBL2492",NA,"hgnc_dataset"
"CHEMBL250",NA,"hgnc_dataset"
"CHEMBL2508",NA,"hgnc_dataset"
"CHEMBL251",NA,"hgnc_dataset"
"CHEMBL252",NA,"hgnc_dataset"
"CHEMBL2525",NA,"hgnc_dataset"
"CHEMBL2527",NA,"hgnc_dataset"
"CHEMBL253",NA,"hgnc_dataset"
"CHEMBL2534",NA,"hgnc_dataset"
"CHEMBL2535",NA,"hgnc_dataset"
"CHEMBL254",NA,"hgnc_dataset"
"CHEMBL255",NA,"hgnc_dataset"
"CHEMBL256",NA,"hgnc_dataset"
"CHEMBL2563",NA,"hgnc_dataset"
"CHEMBL2564",NA,"hgnc_dataset"
"CHEMBL2568",NA,"hgnc_dataset"
"CHEMBL257",NA,"hgnc_dataset"
"CHEMBL2575",NA,"hgnc_dataset"
"CHEMBL258",NA,"hgnc_dataset"
"CHEMBL2581",NA,"hgnc_dataset"
"CHEMBL259",NA,"hgnc_dataset"
"CHEMBL2590",NA,"hgnc_dataset"
"CHEMBL2593",NA,"hgnc_dataset"
"CHEMBL2599",NA,"hgnc_dataset"
"CHEMBL260",NA,"hgnc_dataset"
"CHEMBL2608",NA,"hgnc_dataset"
"CHEMBL261",NA,"hgnc_dataset"
"CHEMBL262",NA,"hgnc_dataset"
"CHEMBL2622",NA,"hgnc_dataset"
"CHEMBL263",NA,"hgnc_dataset"
"CHEMBL2637",NA,"hgnc_dataset"
"CHEMBL264",NA,"hgnc_dataset"
"CHEMBL265",NA,"hgnc_dataset"
"CHEMBL2652",NA,"hgnc_dataset"
"CHEMBL267",NA,"hgnc_dataset"
"CHEMBL268",NA,"hgnc_dataset"
"CHEMBL269",NA,"hgnc_dataset"
"CHEMBL2695",NA,"hgnc_dataset"
"CHEMBL270",NA,"hgnc_dataset"
"CHEMBL2716",NA,"hgnc_dataset"
"CHEMBL2722",NA,"hgnc_dataset"
"CHEMBL273",NA,"hgnc_dataset"
"CHEMBL2730",NA,"hgnc_dataset"
"CHEMBL2736",NA,"hgnc_dataset"
"CHEMBL274",NA,"hgnc_dataset"
"CHEMBL2742",NA,"hgnc_dataset"
"CHEMBL275",NA,"hgnc_dataset"
"CHEMBL2756",NA,"hgnc_dataset"
"CHEMBL276",NA,"hgnc_dataset"
"CHEMBL2781",NA,"hgnc_dataset"
"CHEMBL2782",NA,"hgnc_dataset"
"CHEMBL2789",NA,"hgnc_dataset"
"CHEMBL279",NA,"hgnc_dataset"
"CHEMBL280",NA,"hgnc_dataset"
"CHEMBL2808",NA,"hgnc_dataset"
"CHEMBL2815",NA,"hgnc_dataset"
"CHEMBL2820",NA,"hgnc_dataset"
"CHEMBL2821",NA,"hgnc_dataset"
"CHEMBL2828",NA,"hgnc_dataset"
"CHEMBL283",NA,"hgnc_dataset"
"CHEMBL2835",NA,"hgnc_dataset"
"CHEMBL284",NA,"hgnc_dataset"
"CHEMBL2842",NA,"hgnc_dataset"
"CHEMBL285",NA,"hgnc_dataset"
"CHEMBL2850",NA,"hgnc_dataset"
"CHEMBL2851",NA,"hgnc_dataset"
"CHEMBL2854",NA,"hgnc_dataset"
"CHEMBL2857",NA,"hgnc_dataset"
"CHEMBL2858",NA,"hgnc_dataset"
"CHEMBL286",NA,"hgnc_dataset"
"CHEMBL2868",NA,"hgnc_dataset"
"CHEMBL287",NA,"hgnc_dataset"
"CHEMBL2871",NA,"hgnc_dataset"
"CHEMBL288",NA,"hgnc_dataset"
"CHEMBL2882",NA,"hgnc_dataset"
"CHEMBL289",NA,"hgnc_dataset"
"CHEMBL2902",NA,"hgnc_dataset"
"CHEMBL2903",NA,"hgnc_dataset"
"CHEMBL2916",NA,"hgnc_dataset"
"CHEMBL2949",NA,"hgnc_dataset"
"CHEMBL2954",NA,"hgnc_dataset"
"CHEMBL2955",NA,"hgnc_dataset"
"CHEMBL2959",NA,"hgnc_dataset"
"CHEMBL2966",NA,"hgnc_dataset"
"CHEMBL2971",NA,"hgnc_dataset"
"CHEMBL2973",NA,"hgnc_dataset"
"CHEMBL298",NA,"hgnc_dataset"
"CHEMBL299",NA,"hgnc_dataset"
"CHEMBL2993",NA,"hgnc_dataset"
"CHEMBL2996",NA,"hgnc_dataset"
"CHEMBL3004",NA,"hgnc_dataset"
"CHEMBL3009",NA,"hgnc_dataset"
"CHEMBL301",NA,"hgnc_dataset"
"CHEMBL3012",NA,"hgnc_dataset"
"CHEMBL302",NA,"hgnc_dataset"
"CHEMBL3023",NA,"hgnc_dataset"
"CHEMBL3024",NA,"hgnc_dataset"
"CHEMBL3025",NA,"hgnc_dataset"
"CHEMBL3028",NA,"hgnc_dataset"
"CHEMBL3037",NA,"hgnc_dataset"
"CHEMBL304",NA,"hgnc_dataset"
"CHEMBL3045",NA,"hgnc_dataset"
"CHEMBL3048",NA,"hgnc_dataset"
"CHEMBL3066",NA,"hgnc_dataset"
"CHEMBL3072",NA,"hgnc_dataset"
"CHEMBL308",NA,"hgnc_dataset"
"CHEMBL3081",NA,"hgnc_dataset"
"CHEMBL309",NA,"hgnc_dataset"
"CHEMBL3105",NA,"hgnc_dataset"
"CHEMBL3108640",NA,"hgnc_dataset"
"CHEMBL3114",NA,"hgnc_dataset"
"CHEMBL3116",NA,"hgnc_dataset"
"CHEMBL312",NA,"hgnc_dataset"
"CHEMBL313",NA,"hgnc_dataset"
"CHEMBL3130",NA,"hgnc_dataset"
"CHEMBL3132741",NA,"hgnc_dataset"
"CHEMBL3138",NA,"hgnc_dataset"
"CHEMBL3142",NA,"hgnc_dataset"
"CHEMBL3145",NA,"hgnc_dataset"
"CHEMBL315",NA,"hgnc_dataset"
"CHEMBL3155",NA,"hgnc_dataset"
"CHEMBL3157",NA,"hgnc_dataset"
"CHEMBL3160",NA,"hgnc_dataset"
"CHEMBL318",NA,"hgnc_dataset"
"CHEMBL3180",NA,"hgnc_dataset"
"CHEMBL3181",NA,"hgnc_dataset"
"CHEMBL319",NA,"hgnc_dataset"
"CHEMBL3192",NA,"hgnc_dataset"
"CHEMBL3198",NA,"hgnc_dataset"
"CHEMBL3199",NA,"hgnc_dataset"
"CHEMBL320",NA,"hgnc_dataset"
"CHEMBL3201",NA,"hgnc_dataset"
"CHEMBL3202",NA,"hgnc_dataset"
"CHEMBL321",NA,"hgnc_dataset"
"CHEMBL322",NA,"hgnc_dataset"
"CHEMBL3222",NA,"hgnc_dataset"
"CHEMBL3223",NA,"hgnc_dataset"
"CHEMBL3227",NA,"hgnc_dataset"
"CHEMBL3229",NA,"hgnc_dataset"
"CHEMBL3230",NA,"hgnc_dataset"
"CHEMBL3231",NA,"hgnc_dataset"
"CHEMBL3234",NA,"hgnc_dataset"
"CHEMBL324",NA,"hgnc_dataset"
"CHEMBL3242",NA,"hgnc_dataset"
"CHEMBL3247",NA,"hgnc_dataset"
"CHEMBL325",NA,"hgnc_dataset"
"CHEMBL3251",NA,"hgnc_dataset"
"CHEMBL326",NA,"hgnc_dataset"
"CHEMBL3267",NA,"hgnc_dataset"
"CHEMBL3268",NA,"hgnc_dataset"
"CHEMBL3286",NA,"hgnc_dataset"
"CHEMBL330",NA,"hgnc_dataset"
"CHEMBL3308",NA,"hgnc_dataset"
"CHEMBL331",NA,"hgnc_dataset"
"CHEMBL3310",NA,"hgnc_dataset"
"CHEMBL3318",NA,"hgnc_dataset"
"CHEMBL332",NA,"hgnc_dataset"
"CHEMBL333",NA,"hgnc_dataset"
"CHEMBL335",NA,"hgnc_dataset"
"CHEMBL3351",NA,"hgnc_dataset"
"CHEMBL3356",NA,"hgnc_dataset"
"CHEMBL3358",NA,"hgnc_dataset"
"CHEMBL3360",NA,"hgnc_dataset"
"CHEMBL3371",NA,"hgnc_dataset"
"CHEMBL3374",NA,"hgnc_dataset"
"CHEMBL338",NA,"hgnc_dataset"
"CHEMBL339",NA,"hgnc_dataset"
"CHEMBL3392948",NA,"hgnc_dataset"
"CHEMBL3397",NA,"hgnc_dataset"
"CHEMBL3399910",NA,"hgnc_dataset"
"CHEMBL340",NA,"hgnc_dataset"
"CHEMBL3403",NA,"hgnc_dataset"
"CHEMBL3426",NA,"hgnc_dataset"
"CHEMBL344",NA,"hgnc_dataset"
"CHEMBL3464",NA,"hgnc_dataset"
"CHEMBL3468",NA,"hgnc_dataset"
"CHEMBL3471",NA,"hgnc_dataset"
"CHEMBL3473",NA,"hgnc_dataset"
"CHEMBL3474",NA,"hgnc_dataset"
"CHEMBL3486",NA,"hgnc_dataset"
"CHEMBL3492",NA,"hgnc_dataset"
"CHEMBL3501",NA,"hgnc_dataset"
"CHEMBL3508",NA,"hgnc_dataset"
"CHEMBL3510",NA,"hgnc_dataset"
"CHEMBL3524",NA,"hgnc_dataset"
"CHEMBL3529",NA,"hgnc_dataset"
"CHEMBL3540",NA,"hgnc_dataset"
"CHEMBL3553",NA,"hgnc_dataset"
"CHEMBL3559",NA,"hgnc_dataset"
"CHEMBL3563",NA,"hgnc_dataset"
"CHEMBL3568",NA,"hgnc_dataset"
"CHEMBL3571",NA,"hgnc_dataset"
"CHEMBL3572",NA,"hgnc_dataset"
"CHEMBL3577",NA,"hgnc_dataset"
"CHEMBL3582",NA,"hgnc_dataset"
"CHEMBL3587",NA,"hgnc_dataset"
"CHEMBL3588740",NA,"hgnc_dataset"
"CHEMBL3589",NA,"hgnc_dataset"
"CHEMBL3594",NA,"hgnc_dataset"
"CHEMBL3602",NA,"hgnc_dataset"
"CHEMBL3614",NA,"hgnc_dataset"
"CHEMBL3616",NA,"hgnc_dataset"
"CHEMBL3622",NA,"hgnc_dataset"
"CHEMBL3629",NA,"hgnc_dataset"
"CHEMBL3632452",NA,"hgnc_dataset"
"CHEMBL3638344",NA,"hgnc_dataset"
"CHEMBL3649",NA,"hgnc_dataset"
"CHEMBL3650",NA,"hgnc_dataset"
"CHEMBL3663",NA,"hgnc_dataset"
"CHEMBL3687",NA,"hgnc_dataset"
"CHEMBL3691",NA,"hgnc_dataset"
"CHEMBL3706",NA,"hgnc_dataset"
"CHEMBL3710",NA,"hgnc_dataset"
"CHEMBL3713062",NA,"hgnc_dataset"
"CHEMBL3714079",NA,"hgnc_dataset"
"CHEMBL3714130",NA,"hgnc_dataset"
"CHEMBL3714531",NA,"hgnc_dataset"
"CHEMBL3717",NA,"hgnc_dataset"
"CHEMBL3719",NA,"hgnc_dataset"
"CHEMBL3729",NA,"hgnc_dataset"
"CHEMBL3759",NA,"hgnc_dataset"
"CHEMBL3764",NA,"hgnc_dataset"
"CHEMBL3766",NA,"hgnc_dataset"
"CHEMBL3769",NA,"hgnc_dataset"
"CHEMBL3772",NA,"hgnc_dataset"
"CHEMBL3776",NA,"hgnc_dataset"
"CHEMBL3778",NA,"hgnc_dataset"
"CHEMBL3779755",NA,"hgnc_dataset"
"CHEMBL3784",NA,"hgnc_dataset"
"CHEMBL3785",NA,"hgnc_dataset"
"CHEMBL3788",NA,"hgnc_dataset"
"CHEMBL3795",NA,"hgnc_dataset"
"CHEMBL3797",NA,"hgnc_dataset"
"CHEMBL3798",NA,"hgnc_dataset"
"CHEMBL3807",NA,"hgnc_dataset"
"CHEMBL3815",NA,"hgnc_dataset"
"CHEMBL3816",NA,"hgnc_dataset"
"CHEMBL3819",NA,"hgnc_dataset"
"CHEMBL3820",NA,"hgnc_dataset"
"CHEMBL3830",NA,"hgnc_dataset"
"CHEMBL3833",NA,"hgnc_dataset"
"CHEMBL3837",NA,"hgnc_dataset"
"CHEMBL3861",NA,"hgnc_dataset"
"CHEMBL3864",NA,"hgnc_dataset"
"CHEMBL3869",NA,"hgnc_dataset"
"CHEMBL3880",NA,"hgnc_dataset"
"CHEMBL3884",NA,"hgnc_dataset"
"CHEMBL3891",NA,"hgnc_dataset"
"CHEMBL3892",NA,"hgnc_dataset"
"CHEMBL3905",NA,"hgnc_dataset"
"CHEMBL3906",NA,"hgnc_dataset"
"CHEMBL3910",NA,"hgnc_dataset"
"CHEMBL3911",NA,"hgnc_dataset"
"CHEMBL3920",NA,"hgnc_dataset"
"CHEMBL3921",NA,"hgnc_dataset"
"CHEMBL3922",NA,"hgnc_dataset"
"CHEMBL3943",NA,"hgnc_dataset"
"CHEMBL3948",NA,"hgnc_dataset"
"CHEMBL3949",NA,"hgnc_dataset"
"CHEMBL3952",NA,"hgnc_dataset"
"CHEMBL3959",NA,"hgnc_dataset"
"CHEMBL3969",NA,"hgnc_dataset"
"CHEMBL3973",NA,"hgnc_dataset"
"CHEMBL3974",NA,"hgnc_dataset"
"CHEMBL3975",NA,"hgnc_dataset"
"CHEMBL3976",NA,"hgnc_dataset"
"CHEMBL3979",NA,"hgnc_dataset"
"CHEMBL3983",NA,"hgnc_dataset"
"CHEMBL3988583",NA,"hgnc_dataset"
"CHEMBL3991",NA,"hgnc_dataset"
"CHEMBL3994",NA,"hgnc_dataset"
"CHEMBL3996",NA,"hgnc_dataset"
"CHEMBL3998",NA,"hgnc_dataset"
"CHEMBL4005",NA,"hgnc_dataset"
"CHEMBL4015",NA,"hgnc_dataset"
"CHEMBL4018",NA,"hgnc_dataset"
"CHEMBL4026",NA,"hgnc_dataset"
"CHEMBL4040",NA,"hgnc_dataset"
"CHEMBL4068",NA,"hgnc_dataset"
"CHEMBL4070",NA,"hgnc_dataset"
"CHEMBL4072",NA,"hgnc_dataset"
"CHEMBL4073",NA,"hgnc_dataset"
"CHEMBL4077",NA,"hgnc_dataset"
"CHEMBL4078",NA,"hgnc_dataset"
"CHEMBL4080",NA,"hgnc_dataset"
"CHEMBL4093",NA,"hgnc_dataset"
"CHEMBL4096",NA,"hgnc_dataset"
"CHEMBL4102",NA,"hgnc_dataset"
"CHEMBL4105864",NA,"hgnc_dataset"
"CHEMBL4105907",NA,"hgnc_dataset"
"CHEMBL4123",NA,"hgnc_dataset"
"CHEMBL4124",NA,"hgnc_dataset"
"CHEMBL4128",NA,"hgnc_dataset"
"CHEMBL4130",NA,"hgnc_dataset"
"CHEMBL4142",NA,"hgnc_dataset"
"CHEMBL4143",NA,"hgnc_dataset"
"CHEMBL4145",NA,"hgnc_dataset"
"CHEMBL4153",NA,"hgnc_dataset"
"CHEMBL4158",NA,"hgnc_dataset"
"CHEMBL4159",NA,"hgnc_dataset"
"CHEMBL4163",NA,"hgnc_dataset"
"CHEMBL4179",NA,"hgnc_dataset"
"CHEMBL4188",NA,"hgnc_dataset"
"CHEMBL4191",NA,"hgnc_dataset"
"CHEMBL4198",NA,"hgnc_dataset"
"CHEMBL4203",NA,"hgnc_dataset"
"CHEMBL4204",NA,"hgnc_dataset"
"CHEMBL4224",NA,"hgnc_dataset"
"CHEMBL4225",NA,"hgnc_dataset"
"CHEMBL4226",NA,"hgnc_dataset"
"CHEMBL4227",NA,"hgnc_dataset"
"CHEMBL4235",NA,"hgnc_dataset"
"CHEMBL4247",NA,"hgnc_dataset"
"CHEMBL4261",NA,"hgnc_dataset"
"CHEMBL4282",NA,"hgnc_dataset"
"CHEMBL4296",NA,"hgnc_dataset"
"CHEMBL4296320",NA,"hgnc_dataset"
"CHEMBL4302",NA,"hgnc_dataset"
"CHEMBL4303",NA,"hgnc_dataset"
"CHEMBL4308",NA,"hgnc_dataset"
"CHEMBL4315",NA,"hgnc_dataset"
"CHEMBL4321",NA,"hgnc_dataset"
"CHEMBL4333",NA,"hgnc_dataset"
"CHEMBL4354",NA,"hgnc_dataset"
"CHEMBL4361",NA,"hgnc_dataset"
"CHEMBL4372",NA,"hgnc_dataset"
"CHEMBL4393",NA,"hgnc_dataset"
"CHEMBL4394",NA,"hgnc_dataset"
"CHEMBL4409",NA,"hgnc_dataset"
"CHEMBL4411",NA,"hgnc_dataset"
"CHEMBL4414",NA,"hgnc_dataset"
"CHEMBL4422",NA,"hgnc_dataset"
"CHEMBL4427",NA,"hgnc_dataset"
"CHEMBL4429",NA,"hgnc_dataset"
"CHEMBL4439",NA,"hgnc_dataset"
"CHEMBL4441",NA,"hgnc_dataset"
"CHEMBL4462",NA,"hgnc_dataset"
"CHEMBL4471",NA,"hgnc_dataset"
"CHEMBL4477",NA,"hgnc_dataset"
"CHEMBL4481",NA,"hgnc_dataset"
"CHEMBL4489",NA,"hgnc_dataset"
"CHEMBL4501",NA,"hgnc_dataset"
"CHEMBL4506",NA,"hgnc_dataset"
"CHEMBL4508",NA,"hgnc_dataset"
"CHEMBL4518",NA,"hgnc_dataset"
"CHEMBL4523",NA,"hgnc_dataset"
"CHEMBL4523156",NA,"hgnc_dataset"
"CHEMBL4523377",NA,"hgnc_dataset"
"CHEMBL4523582",NA,"hgnc_dataset"
"CHEMBL4527",NA,"hgnc_dataset"
"CHEMBL4531",NA,"hgnc_dataset"
"CHEMBL4550",NA,"hgnc_dataset"
"CHEMBL4561",NA,"hgnc_dataset"
"CHEMBL4566",NA,"hgnc_dataset"
"CHEMBL4578",NA,"hgnc_dataset"
"CHEMBL4581",NA,"hgnc_dataset"
"CHEMBL4588",NA,"hgnc_dataset"
"CHEMBL4598",NA,"hgnc_dataset"
"CHEMBL4599",NA,"hgnc_dataset"
"CHEMBL4607",NA,"hgnc_dataset"
"CHEMBL4608",NA,"hgnc_dataset"
"CHEMBL4616",NA,"hgnc_dataset"
"CHEMBL4618",NA,"hgnc_dataset"
"CHEMBL4625",NA,"hgnc_dataset"
"CHEMBL4630",NA,"hgnc_dataset"
"CHEMBL4644",NA,"hgnc_dataset"
"CHEMBL4657",NA,"hgnc_dataset"
"CHEMBL4660",NA,"hgnc_dataset"
"CHEMBL4662",NA,"hgnc_dataset"
"CHEMBL4681",NA,"hgnc_dataset"
"CHEMBL4683",NA,"hgnc_dataset"
"CHEMBL4685",NA,"hgnc_dataset"
"CHEMBL4691",NA,"hgnc_dataset"
"CHEMBL4718",NA,"hgnc_dataset"
"CHEMBL4722",NA,"hgnc_dataset"
"CHEMBL4739695",NA,"hgnc_dataset"
"CHEMBL4766",NA,"hgnc_dataset"
"CHEMBL4768",NA,"hgnc_dataset"
"CHEMBL4774",NA,"hgnc_dataset"
"CHEMBL4777",NA,"hgnc_dataset"
"CHEMBL4780",NA,"hgnc_dataset"
"CHEMBL4789",NA,"hgnc_dataset"
"CHEMBL4792",NA,"hgnc_dataset"
"CHEMBL4793",NA,"hgnc_dataset"
"CHEMBL4801",NA,"hgnc_dataset"
"CHEMBL4816",NA,"hgnc_dataset"
"CHEMBL4822",NA,"hgnc_dataset"
"CHEMBL4828",NA,"hgnc_dataset"
"CHEMBL4829",NA,"hgnc_dataset"
"CHEMBL4835",NA,"hgnc_dataset"
"CHEMBL4879459",NA,"hgnc_dataset"
"CHEMBL4895",NA,"hgnc_dataset"
"CHEMBL4898",NA,"hgnc_dataset"
"CHEMBL4908",NA,"hgnc_dataset"
"CHEMBL4937",NA,"hgnc_dataset"
"CHEMBL4975",NA,"hgnc_dataset"
"CHEMBL4979",NA,"hgnc_dataset"
"CHEMBL4980",NA,"hgnc_dataset"
"CHEMBL5014",NA,"hgnc_dataset"
"CHEMBL5017",NA,"hgnc_dataset"
"CHEMBL5023",NA,"hgnc_dataset"
"CHEMBL5024",NA,"hgnc_dataset"
"CHEMBL5071",NA,"hgnc_dataset"
"CHEMBL5076",NA,"hgnc_dataset"
"CHEMBL5077",NA,"hgnc_dataset"
"CHEMBL5103",NA,"hgnc_dataset"
"CHEMBL5113",NA,"hgnc_dataset"
"CHEMBL5136",NA,"hgnc_dataset"
"CHEMBL5137",NA,"hgnc_dataset"
"CHEMBL5145",NA,"hgnc_dataset"
"CHEMBL5147",NA,"hgnc_dataset"
"CHEMBL5160",NA,"hgnc_dataset"
"CHEMBL5162",NA,"hgnc_dataset"
"CHEMBL5251",NA,"hgnc_dataset"
"CHEMBL5263",NA,"hgnc_dataset"
"CHEMBL5282",NA,"hgnc_dataset"
"CHEMBL5285",NA,"hgnc_dataset"
"CHEMBL5319",NA,"hgnc_dataset"
"CHEMBL5331",NA,"hgnc_dataset"
"CHEMBL5366",NA,"hgnc_dataset"
"CHEMBL5373",NA,"hgnc_dataset"
"CHEMBL5393",NA,"hgnc_dataset"
"CHEMBL5401",NA,"hgnc_dataset"
"CHEMBL5407",NA,"hgnc_dataset"
"CHEMBL5408",NA,"hgnc_dataset"
"CHEMBL5409",NA,"hgnc_dataset"
"CHEMBL5414",NA,"hgnc_dataset"
"CHEMBL5422",NA,"hgnc_dataset"
"CHEMBL5443",NA,"hgnc_dataset"
"CHEMBL5462",NA,"hgnc_dataset"
"CHEMBL5464",NA,"hgnc_dataset"
"CHEMBL5469",NA,"hgnc_dataset"
"CHEMBL5471",NA,"hgnc_dataset"
"CHEMBL5491",NA,"hgnc_dataset"
"CHEMBL5498",NA,"hgnc_dataset"
"CHEMBL5514",NA,"hgnc_dataset"
"CHEMBL5543",NA,"hgnc_dataset"
"CHEMBL5567",NA,"hgnc_dataset"
"CHEMBL5568",NA,"hgnc_dataset"
"CHEMBL5570",NA,"hgnc_dataset"
"CHEMBL5608",NA,"hgnc_dataset"
"CHEMBL5619",NA,"hgnc_dataset"
"CHEMBL5620",NA,"hgnc_dataset"
"CHEMBL5645",NA,"hgnc_dataset"
"CHEMBL5646",NA,"hgnc_dataset"
"CHEMBL5652",NA,"hgnc_dataset"
"CHEMBL5658",NA,"hgnc_dataset"
"CHEMBL5697",NA,"hgnc_dataset"
"CHEMBL5719",NA,"hgnc_dataset"
"CHEMBL5747",NA,"hgnc_dataset"
"CHEMBL5749",NA,"hgnc_dataset"
"CHEMBL5763",NA,"hgnc_dataset"
"CHEMBL5800",NA,"hgnc_dataset"
"CHEMBL5804",NA,"hgnc_dataset"
"CHEMBL5805",NA,"hgnc_dataset"
"CHEMBL5815",NA,"hgnc_dataset"
"CHEMBL5855",NA,"hgnc_dataset"
"CHEMBL5879",NA,"hgnc_dataset"
"CHEMBL5888",NA,"hgnc_dataset"
"CHEMBL5896",NA,"hgnc_dataset"
"CHEMBL5903",NA,"hgnc_dataset"
"CHEMBL5932",NA,"hgnc_dataset"
"CHEMBL5936",NA,"hgnc_dataset"
"CHEMBL5971",NA,"hgnc_dataset"
"CHEMBL5979",NA,"hgnc_dataset"
"CHEMBL6009",NA,"hgnc_dataset"
"CHEMBL6032",NA,"hgnc_dataset"
"CHEMBL6080",NA,"hgnc_dataset"
"CHEMBL6110",NA,"hgnc_dataset"
"CHEMBL6115",NA,"hgnc_dataset"
"CHEMBL6120",NA,"hgnc_dataset"
"CHEMBL6135",NA,"hgnc_dataset"
"CHEMBL6136",NA,"hgnc_dataset"
"CHEMBL6140",NA,"hgnc_dataset"
"CHEMBL6141",NA,"hgnc_dataset"
"CHEMBL6152",NA,"hgnc_dataset"
"CHEMBL6154",NA,"hgnc_dataset"
"CHEMBL6164",NA,"hgnc_dataset"
"CHEMBL6166",NA,"hgnc_dataset"
"CHEMBL6167",NA,"hgnc_dataset"
"CHEMBL6175",NA,"hgnc_dataset"
"CHEMBL6184",NA,"hgnc_dataset"
"CHEMBL1075094",NA,"hgnc_package"
"CHEMBL1075104",NA,"hgnc_package"
"CHEMBL1075110",NA,"hgnc_package"
"CHEMBL1075126",NA,"hgnc_package"
"CHEMBL1075138",NA,"hgnc_package"
"CHEMBL1075145",NA,"hgnc_package"
"CHEMBL1075189",NA,"hgnc_package"
"CHEMBL1075232",NA,"hgnc_package"
"CHEMBL1075317",NA,"hgnc_package"
"CHEMBL1075323",NA,"hgnc_package"
"CHEMBL1163101",NA,"hgnc_package"
"CHEMBL1163125",NA,"hgnc_package"
"CHEMBL1169598",NA,"hgnc_package"
"CHEMBL1250348",NA,"hgnc_package"
"CHEMBL1255126",NA,"hgnc_package"
"CHEMBL1255150",NA,"hgnc_package"
"CHEMBL1287622",NA,"hgnc_package"
"CHEMBL1293224",NA,"hgnc_package"
"CHEMBL1293226",NA,"hgnc_package"
"CHEMBL1293231",NA,"hgnc_package"
"CHEMBL1293232",NA,"hgnc_package"
"CHEMBL1293237",NA,"hgnc_package"
"CHEMBL1293255",NA,"hgnc_package"
"CHEMBL1293266",NA,"hgnc_package"
"CHEMBL1293269",NA,"hgnc_package"
"CHEMBL1293277",NA,"hgnc_package"
"CHEMBL1293289",NA,"hgnc_package"
"CHEMBL1293299",NA,"hgnc_package"
"CHEMBL1628481",NA,"hgnc_package"
"CHEMBL1741186",NA,"hgnc_package"
"CHEMBL1741208",NA,"hgnc_package"
"CHEMBL1744525",NA,"hgnc_package"
"CHEMBL1781",NA,"hgnc_package"
"CHEMBL1782",NA,"hgnc_package"
"CHEMBL1784",NA,"hgnc_package"
"CHEMBL1785",NA,"hgnc_package"
"CHEMBL1790",NA,"hgnc_package"
"CHEMBL1792",NA,"hgnc_package"
"CHEMBL1795086",NA,"hgnc_package"
"CHEMBL1795116",NA,"hgnc_package"
"CHEMBL1795186",NA,"hgnc_package"
"CHEMBL1800",NA,"hgnc_package"
"CHEMBL1801",NA,"hgnc_package"
"CHEMBL1804",NA,"hgnc_package"
"CHEMBL1808",NA,"hgnc_package"
"CHEMBL1809",NA,"hgnc_package"
"CHEMBL1811",NA,"hgnc_package"
"CHEMBL1821",NA,"hgnc_package"
"CHEMBL1824",NA,"hgnc_package"
"CHEMBL1825",NA,"hgnc_package"
"CHEMBL1827",NA,"hgnc_package"
"CHEMBL1829",NA,"hgnc_package"
"CHEMBL1833",NA,"hgnc_package"
"CHEMBL1835",NA,"hgnc_package"
"CHEMBL1836",NA,"hgnc_package"
"CHEMBL1844",NA,"hgnc_package"
"CHEMBL1849",NA,"hgnc_package"
"CHEMBL1850",NA,"hgnc_package"
"CHEMBL1853",NA,"hgnc_package"
"CHEMBL1855",NA,"hgnc_package"
"CHEMBL1860",NA,"hgnc_package"
"CHEMBL1862",NA,"hgnc_package"
"CHEMBL1865",NA,"hgnc_package"
"CHEMBL1867",NA,"hgnc_package"
"CHEMBL1868",NA,"hgnc_package"
"CHEMBL1871",NA,"hgnc_package"
"CHEMBL1875",NA,"hgnc_package"
"CHEMBL1878",NA,"hgnc_package"
"CHEMBL1881",NA,"hgnc_package"
"CHEMBL1889",NA,"hgnc_package"
"CHEMBL1898",NA,"hgnc_package"
"CHEMBL1899",NA,"hgnc_package"
"CHEMBL1900",NA,"hgnc_package"
"CHEMBL1901",NA,"hgnc_package"
"CHEMBL1902",NA,"hgnc_package"
"CHEMBL1906",NA,"hgnc_package"
"CHEMBL1907",NA,"hgnc_package"
"CHEMBL1908",NA,"hgnc_package"
"CHEMBL1908389",NA,"hgnc_package"
"CHEMBL1913",NA,"hgnc_package"
"CHEMBL1914",NA,"hgnc_package"
"CHEMBL1916",NA,"hgnc_package"
"CHEMBL1917",NA,"hgnc_package"
"CHEMBL1921",NA,"hgnc_package"
"CHEMBL1921666",NA,"hgnc_package"
"CHEMBL1926",NA,"hgnc_package"
"CHEMBL1929",NA,"hgnc_package"
"CHEMBL1936",NA,"hgnc_package"
"CHEMBL1937",NA,"hgnc_package"
"CHEMBL1941",NA,"hgnc_package"
"CHEMBL1942",NA,"hgnc_package"
"CHEMBL1944",NA,"hgnc_package"
"CHEMBL1945",NA,"hgnc_package"
"CHEMBL1946",NA,"hgnc_package"
"CHEMBL1947",NA,"hgnc_package"
"CHEMBL1951",NA,"hgnc_package"
"CHEMBL1952",NA,"hgnc_package"
"CHEMBL1955",NA,"hgnc_package"
"CHEMBL1957",NA,"hgnc_package"
"CHEMBL1963",NA,"hgnc_package"
"CHEMBL1966",NA,"hgnc_package"
"CHEMBL1968",NA,"hgnc_package"
"CHEMBL1974",NA,"hgnc_package"
"CHEMBL1977",NA,"hgnc_package"
"CHEMBL1978",NA,"hgnc_package"
"CHEMBL1980",NA,"hgnc_package"
"CHEMBL1983",NA,"hgnc_package"
"CHEMBL1985",NA,"hgnc_package"
"CHEMBL1991",NA,"hgnc_package"
"CHEMBL1994",NA,"hgnc_package"
"CHEMBL1995",NA,"hgnc_package"
"CHEMBL1997",NA,"hgnc_package"
"CHEMBL2000",NA,"hgnc_package"
"CHEMBL2001",NA,"hgnc_package"
"CHEMBL2002",NA,"hgnc_package"
"CHEMBL2003",NA,"hgnc_package"
"CHEMBL2007",NA,"hgnc_package"
"CHEMBL2007625",NA,"hgnc_package"
"CHEMBL2008",NA,"hgnc_package"
"CHEMBL2010631",NA,"hgnc_package"
"CHEMBL2014",NA,"hgnc_package"
"CHEMBL2016",NA,"hgnc_package"
"CHEMBL202",NA,"hgnc_package"
"CHEMBL2026",NA,"hgnc_package"
"CHEMBL2028",NA,"hgnc_package"
"CHEMBL203",NA,"hgnc_package"
"CHEMBL2034",NA,"hgnc_package"
"CHEMBL2035",NA,"hgnc_package"
"CHEMBL2039",NA,"hgnc_package"
"CHEMBL204",NA,"hgnc_package"
"CHEMBL2041",NA,"hgnc_package"
"CHEMBL2047",NA,"hgnc_package"
"CHEMBL2049",NA,"hgnc_package"
"CHEMBL205",NA,"hgnc_package"
"CHEMBL2051",NA,"hgnc_package"
"CHEMBL2056",NA,"hgnc_package"
"CHEMBL206",NA,"hgnc_package"
"CHEMBL2061",NA,"hgnc_package"
"CHEMBL2069",NA,"hgnc_package"
"CHEMBL2069156",NA,"hgnc_package"
"CHEMBL2079846",NA,"hgnc_package"
"CHEMBL208",NA,"hgnc_package"
"CHEMBL2083",NA,"hgnc_package"
"CHEMBL209",NA,"hgnc_package"
"CHEMBL210",NA,"hgnc_package"
"CHEMBL2107",NA,"hgnc_package"
"CHEMBL211",NA,"hgnc_package"
"CHEMBL213",NA,"hgnc_package"
"CHEMBL214",NA,"hgnc_package"
"CHEMBL2140",NA,"hgnc_package"
"CHEMBL2146302",NA,"hgnc_package"
"CHEMBL2147",NA,"hgnc_package"
"CHEMBL2148",NA,"hgnc_package"
"CHEMBL215",NA,"hgnc_package"
"CHEMBL2157850",NA,"hgnc_package"
"CHEMBL216",NA,"hgnc_package"
"CHEMBL217",NA,"hgnc_package"
"CHEMBL2176771",NA,"hgnc_package"
"CHEMBL2179",NA,"hgnc_package"
"CHEMBL218",NA,"hgnc_package"
"CHEMBL2185",NA,"hgnc_package"
"CHEMBL2189110",NA,"hgnc_package"
"CHEMBL2189121",NA,"hgnc_package"
"CHEMBL219",NA,"hgnc_package"
"CHEMBL220",NA,"hgnc_package"
"CHEMBL2203",NA,"hgnc_package"
"CHEMBL2207",NA,"hgnc_package"
"CHEMBL2208",NA,"hgnc_package"
"CHEMBL221",NA,"hgnc_package"
"CHEMBL222",NA,"hgnc_package"
"CHEMBL223",NA,"hgnc_package"
"CHEMBL2231",NA,"hgnc_package"
"CHEMBL224",NA,"hgnc_package"
"CHEMBL2243",NA,"hgnc_package"
"CHEMBL225",NA,"hgnc_package"
"CHEMBL226",NA,"hgnc_package"
"CHEMBL2265",NA,"hgnc_package"
"CHEMBL227",NA,"hgnc_package"
"CHEMBL2274",NA,"hgnc_package"
"CHEMBL2276",NA,"hgnc_package"
"CHEMBL228",NA,"hgnc_package"
"CHEMBL2285",NA,"hgnc_package"
"CHEMBL2288",NA,"hgnc_package"
"CHEMBL229",NA,"hgnc_package"
"CHEMBL2292",NA,"hgnc_package"
"CHEMBL230",NA,"hgnc_package"
"CHEMBL231",NA,"hgnc_package"
"CHEMBL2311243",NA,"hgnc_package"
"CHEMBL2318",NA,"hgnc_package"
"CHEMBL232",NA,"hgnc_package"
"CHEMBL2326",NA,"hgnc_package"
"CHEMBL2327",NA,"hgnc_package"
"CHEMBL233",NA,"hgnc_package"
"CHEMBL2334",NA,"hgnc_package"
"CHEMBL2336",NA,"hgnc_package"
"CHEMBL2337",NA,"hgnc_package"
"CHEMBL234",NA,"hgnc_package"
"CHEMBL2345",NA,"hgnc_package"
"CHEMBL235",NA,"hgnc_package"
"CHEMBL236",NA,"hgnc_package"
"CHEMBL2363",NA,"hgnc_package"
"CHEMBL2366517",NA,"hgnc_package"
"CHEMBL237",NA,"hgnc_package"
"CHEMBL2373",NA,"hgnc_package"
"CHEMBL238",NA,"hgnc_package"
"CHEMBL239",NA,"hgnc_package"
"CHEMBL2392",NA,"hgnc_package"
"CHEMBL240",NA,"hgnc_package"
"CHEMBL2409",NA,"hgnc_package"
"CHEMBL241",NA,"hgnc_package"
"CHEMBL2413",NA,"hgnc_package"
"CHEMBL2414",NA,"hgnc_package"
"CHEMBL242",NA,"hgnc_package"
"CHEMBL2425",NA,"hgnc_package"
"CHEMBL243",NA,"hgnc_package"
"CHEMBL2431",NA,"hgnc_package"
"CHEMBL2434",NA,"hgnc_package"
"CHEMBL2439",NA,"hgnc_package"
"CHEMBL244",NA,"hgnc_package"
"CHEMBL245",NA,"hgnc_package"
"CHEMBL246",NA,"hgnc_package"
"CHEMBL247",NA,"hgnc_package"
"CHEMBL248",NA,"hgnc_package"
"CHEMBL2487",NA,"hgnc_package"
"CHEMBL249",NA,"hgnc_package"
"CHEMBL2492",NA,"hgnc_package"
"CHEMBL250",NA,"hgnc_package"
"CHEMBL2508",NA,"hgnc_package"
"CHEMBL251",NA,"hgnc_package"
"CHEMBL252",NA,"hgnc_package"
"CHEMBL2525",NA,"hgnc_package"
"CHEMBL2527",NA,"hgnc_package"
"CHEMBL253",NA,"hgnc_package"
"CHEMBL2534",NA,"hgnc_package"
"CHEMBL2535",NA,"hgnc_package"
"CHEMBL254",NA,"hgnc_package"
"CHEMBL255",NA,"hgnc_package"
"CHEMBL256",NA,"hgnc_package"
"CHEMBL2563",NA,"hgnc_package"
"CHEMBL2564",NA,"hgnc_package"
"CHEMBL2568",NA,"hgnc_package"
"CHEMBL257",NA,"hgnc_package"
"CHEMBL2575",NA,"hgnc_package"
"CHEMBL258",NA,"hgnc_package"
"CHEMBL2581",NA,"hgnc_package"
"CHEMBL259",NA,"hgnc_package"
"CHEMBL2590",NA,"hgnc_package"
"CHEMBL2593",NA,"hgnc_package"
"CHEMBL2599",NA,"hgnc_package"
"CHEMBL260",NA,"hgnc_package"
"CHEMBL2608",NA,"hgnc_package"
"CHEMBL261",NA,"hgnc_package"
"CHEMBL262",NA,"hgnc_package"
"CHEMBL2622",NA,"hgnc_package"
"CHEMBL263",NA,"hgnc_package"
"CHEMBL2637",NA,"hgnc_package"
"CHEMBL264",NA,"hgnc_package"
"CHEMBL265",NA,"hgnc_package"
"CHEMBL2652",NA,"hgnc_package"
"CHEMBL267",NA,"hgnc_package"
"CHEMBL268",NA,"hgnc_package"
"CHEMBL269",NA,"hgnc_package"
"CHEMBL2695",NA,"hgnc_package"
"CHEMBL270",NA,"hgnc_package"
"CHEMBL2716",NA,"hgnc_package"
"CHEMBL2722",NA,"hgnc_package"
"CHEMBL273",NA,"hgnc_package"
"CHEMBL2730",NA,"hgnc_package"
"CHEMBL2736",NA,"hgnc_package"
"CHEMBL274",NA,"hgnc_package"
"CHEMBL2742",NA,"hgnc_package"
"CHEMBL275",NA,"hgnc_package"
"CHEMBL2756",NA,"hgnc_package"
"CHEMBL276",NA,"hgnc_package"
"CHEMBL2781",NA,"hgnc_package"
"CHEMBL2782",NA,"hgnc_package"
"CHEMBL2789",NA,"hgnc_package"
"CHEMBL279",NA,"hgnc_package"
"CHEMBL280",NA,"hgnc_package"
"CHEMBL2808",NA,"hgnc_package"
"CHEMBL2815",NA,"hgnc_package"
"CHEMBL2820",NA,"hgnc_package"
"CHEMBL2821",NA,"hgnc_package"
"CHEMBL2828",NA,"hgnc_package"
"CHEMBL283",NA,"hgnc_package"
"CHEMBL2835",NA,"hgnc_package"
"CHEMBL284",NA,"hgnc_package"
"CHEMBL2842",NA,"hgnc_package"
"CHEMBL285",NA,"hgnc_package"
"CHEMBL2850",NA,"hgnc_package"
"CHEMBL2851",NA,"hgnc_package"
"CHEMBL2854",NA,"hgnc_package"
"CHEMBL2857",NA,"hgnc_package"
"CHEMBL2858",NA,"hgnc_package"
"CHEMBL286",NA,"hgnc_package"
"CHEMBL2868",NA,"hgnc_package"
"CHEMBL287",NA,"hgnc_package"
"CHEMBL2871",NA,"hgnc_package"
"CHEMBL288",NA,"hgnc_package"
"CHEMBL2882",NA,"hgnc_package"
"CHEMBL289",NA,"hgnc_package"
"CHEMBL2902",NA,"hgnc_package"
"CHEMBL2903",NA,"hgnc_package"
"CHEMBL2916",NA,"hgnc_package"
"CHEMBL2949",NA,"hgnc_package"
"CHEMBL2954",NA,"hgnc_package"
"CHEMBL2955",NA,"hgnc_package"
"CHEMBL2959",NA,"hgnc_package"
"CHEMBL2966",NA,"hgnc_package"
"CHEMBL2971",NA,"hgnc_package"
"CHEMBL2973",NA,"hgnc_package"
"CHEMBL298",NA,"hgnc_package"
"CHEMBL299",NA,"hgnc_package"
"CHEMBL2993",NA,"hgnc_package"
"CHEMBL2996",NA,"hgnc_package"
"CHEMBL3004",NA,"hgnc_package"
"CHEMBL3009",NA,"hgnc_package"
"CHEMBL301",NA,"hgnc_package"
"CHEMBL3012",NA,"hgnc_package"
"CHEMBL302",NA,"hgnc_package"
"CHEMBL3023",NA,"hgnc_package"
"CHEMBL3024",NA,"hgnc_package"
"CHEMBL3025",NA,"hgnc_package"
"CHEMBL3028",NA,"hgnc_package"
"CHEMBL3037",NA,"hgnc_package"
"CHEMBL304",NA,"hgnc_package"
"CHEMBL3045",NA,"hgnc_package"
"CHEMBL3048",NA,"hgnc_package"
"CHEMBL3066",NA,"hgnc_package"
"CHEMBL3072",NA,"hgnc_package"
"CHEMBL308",NA,"hgnc_package"
"CHEMBL3081",NA,"hgnc_package"
"CHEMBL309",NA,"hgnc_package"
"CHEMBL3105",NA,"hgnc_package"
"CHEMBL3108640",NA,"hgnc_package"
"CHEMBL3114",NA,"hgnc_package"
"CHEMBL3116",NA,"hgnc_package"
"CHEMBL312",NA,"hgnc_package"
"CHEMBL313",NA,"hgnc_package"
"CHEMBL3130",NA,"hgnc_package"
"CHEMBL3132741",NA,"hgnc_package"
"CHEMBL3138",NA,"hgnc_package"
"CHEMBL3142",NA,"hgnc_package"
"CHEMBL3145",NA,"hgnc_package"
"CHEMBL315",NA,"hgnc_package"
"CHEMBL3155",NA,"hgnc_package"
"CHEMBL3157",NA,"hgnc_package"
"CHEMBL3160",NA,"hgnc_package"
"CHEMBL318",NA,"hgnc_package"
"CHEMBL3180",NA,"hgnc_package"
"CHEMBL3181",NA,"hgnc_package"
"CHEMBL319",NA,"hgnc_package"
"CHEMBL3192",NA,"hgnc_package"
"CHEMBL3198",NA,"hgnc_package"
"CHEMBL3199",NA,"hgnc_package"
"CHEMBL320",NA,"hgnc_package"
"CHEMBL3201",NA,"hgnc_package"
"CHEMBL3202",NA,"hgnc_package"
"CHEMBL321",NA,"hgnc_package"
"CHEMBL322",NA,"hgnc_package"
"CHEMBL3222",NA,"hgnc_package"
"CHEMBL3223",NA,"hgnc_package"
"CHEMBL3227",NA,"hgnc_package"
"CHEMBL3229",NA,"hgnc_package"
"CHEMBL3230",NA,"hgnc_package"
"CHEMBL3231",NA,"hgnc_package"
"CHEMBL3234",NA,"hgnc_package"
"CHEMBL324",NA,"hgnc_package"
"CHEMBL3242",NA,"hgnc_package"
"CHEMBL3247",NA,"hgnc_package"
"CHEMBL325",NA,"hgnc_package"
"CHEMBL3251",NA,"hgnc_package"
"CHEMBL326",NA,"hgnc_package"
"CHEMBL3267",NA,"hgnc_package"
"CHEMBL3268",NA,"hgnc_package"
"CHEMBL3286",NA,"hgnc_package"
"CHEMBL330",NA,"hgnc_package"
"CHEMBL3308",NA,"hgnc_package"
"CHEMBL331",NA,"hgnc_package"
"CHEMBL3310",NA,"hgnc_package"
"CHEMBL3318",NA,"hgnc_package"
"CHEMBL332",NA,"hgnc_package"
"CHEMBL333",NA,"hgnc_package"
"CHEMBL335",NA,"hgnc_package"
"CHEMBL3351",NA,"hgnc_package"
"CHEMBL3356",NA,"hgnc_package"
"CHEMBL3358",NA,"hgnc_package"
"CHEMBL3360",NA,"hgnc_package"
"CHEMBL3371",NA,"hgnc_package"
"CHEMBL3374",NA,"hgnc_package"
"CHEMBL338",NA,"hgnc_package"
"CHEMBL339",NA,"hgnc_package"
"CHEMBL3392948",NA,"hgnc_package"
"CHEMBL3397",NA,"hgnc_package"
"CHEMBL3399910",NA,"hgnc_package"
"CHEMBL340",NA,"hgnc_package"
"CHEMBL3403",NA,"hgnc_package"
"CHEMBL3426",NA,"hgnc_package"
"CHEMBL344",NA,"hgnc_package"
"CHEMBL3464",NA,"hgnc_package"
"CHEMBL3468",NA,"hgnc_package"
"CHEMBL3471",NA,"hgnc_package"
"CHEMBL3473",NA,"hgnc_package"
"CHEMBL3474",NA,"hgnc_package"
"CHEMBL3486",NA,"hgnc_package"
"CHEMBL3492",NA,"hgnc_package"
"CHEMBL3501",NA,"hgnc_package"
"CHEMBL3508",NA,"hgnc_package"
"CHEMBL3510",NA,"hgnc_package"
"CHEMBL3524",NA,"hgnc_package"
"CHEMBL3529",NA,"hgnc_package"
"CHEMBL3540",NA,"hgnc_package"
"CHEMBL3553",NA,"hgnc_package"
"CHEMBL3559",NA,"hgnc_package"
"CHEMBL3563",NA,"hgnc_package"
"CHEMBL3568",NA,"hgnc_package"
"CHEMBL3571",NA,"hgnc_package"
"CHEMBL3572",NA,"hgnc_package"
"CHEMBL3577",NA,"hgnc_package"
"CHEMBL3582",NA,"hgnc_package"
"CHEMBL3587",NA,"hgnc_package"
"CHEMBL3588740",NA,"hgnc_package"
"CHEMBL3589",NA,"hgnc_package"
"CHEMBL3594",NA,"hgnc_package"
"CHEMBL3602",NA,"hgnc_package"
"CHEMBL3614",NA,"hgnc_package"
"CHEMBL3616",NA,"hgnc_package"
"CHEMBL3622",NA,"hgnc_package"
"CHEMBL3629",NA,"hgnc_package"
"CHEMBL3632452",NA,"hgnc_package"
"CHEMBL3638344",NA,"hgnc_package"
"CHEMBL3649",NA,"hgnc_package"
"CHEMBL3650",NA,"hgnc_package"
"CHEMBL3663",NA,"hgnc_package"
"CHEMBL3687",NA,"hgnc_package"
"CHEMBL3691",NA,"hgnc_package"
"CHEMBL3706",NA,"hgnc_package"
"CHEMBL3710",NA,"hgnc_package"
"CHEMBL3713062",NA,"hgnc_package"
"CHEMBL3714079",NA,"hgnc_package"
"CHEMBL3714130",NA,"hgnc_package"
"CHEMBL3714531",NA,"hgnc_package"
"CHEMBL3717",NA,"hgnc_package"
"CHEMBL3719",NA,"hgnc_package"
"CHEMBL3729",NA,"hgnc_package"
"CHEMBL3759",NA,"hgnc_package"
"CHEMBL3764",NA,"hgnc_package"
"CHEMBL3766",NA,"hgnc_package"
"CHEMBL3769",NA,"hgnc_package"
"CHEMBL3772",NA,"hgnc_package"
"CHEMBL3776",NA,"hgnc_package"
"CHEMBL3778",NA,"hgnc_package"
"CHEMBL3779755",NA,"hgnc_package"
"CHEMBL3784",NA,"hgnc_package"
"CHEMBL3785",NA,"hgnc_package"
"CHEMBL3788",NA,"hgnc_package"
"CHEMBL3795",NA,"hgnc_package"
"CHEMBL3797",NA,"hgnc_package"
"CHEMBL3798",NA,"hgnc_package"
"CHEMBL3807",NA,"hgnc_package"
"CHEMBL3815",NA,"hgnc_package"
"CHEMBL3816",NA,"hgnc_package"
"CHEMBL3819",NA,"hgnc_package"
"CHEMBL3820",NA,"hgnc_package"
"CHEMBL3830",NA,"hgnc_package"
"CHEMBL3833",NA,"hgnc_package"
"CHEMBL3837",NA,"hgnc_package"
"CHEMBL3861",NA,"hgnc_package"
"CHEMBL3864",NA,"hgnc_package"
"CHEMBL3869",NA,"hgnc_package"
"CHEMBL3880",NA,"hgnc_package"
"CHEMBL3884",NA,"hgnc_package"
"CHEMBL3891",NA,"hgnc_package"
"CHEMBL3892",NA,"hgnc_package"
"CHEMBL3905",NA,"hgnc_package"
"CHEMBL3906",NA,"hgnc_package"
"CHEMBL3910",NA,"hgnc_package"
"CHEMBL3911",NA,"hgnc_package"
"CHEMBL3920",NA,"hgnc_package"
"CHEMBL3921",NA,"hgnc_package"
"CHEMBL3922",NA,"hgnc_package"
"CHEMBL3943",NA,"hgnc_package"
"CHEMBL3948",NA,"hgnc_package"
"CHEMBL3949",NA,"hgnc_package"
"CHEMBL3952",NA,"hgnc_package"
"CHEMBL3959",NA,"hgnc_package"
"CHEMBL3969",NA,"hgnc_package"
"CHEMBL3973",NA,"hgnc_package"
"CHEMBL3974",NA,"hgnc_package"
"CHEMBL3975",NA,"hgnc_package"
"CHEMBL3976",NA,"hgnc_package"
"CHEMBL3979",NA,"hgnc_package"
"CHEMBL3983",NA,"hgnc_package"
"CHEMBL3988583",NA,"hgnc_package"
"CHEMBL3991",NA,"hgnc_package"
"CHEMBL3994",NA,"hgnc_package"
"CHEMBL3996",NA,"hgnc_package"
"CHEMBL3998",NA,"hgnc_package"
"CHEMBL4005",NA,"hgnc_package"
"CHEMBL4015",NA,"hgnc_package"
"CHEMBL4018",NA,"hgnc_package"
"CHEMBL4026",NA,"hgnc_package"
"CHEMBL4040",NA,"hgnc_package"
"CHEMBL4068",NA,"hgnc_package"
"CHEMBL4070",NA,"hgnc_package"
"CHEMBL4072",NA,"hgnc_package"
"CHEMBL4073",NA,"hgnc_package"
"CHEMBL4077",NA,"hgnc_package"
"CHEMBL4078",NA,"hgnc_package"
"CHEMBL4080",NA,"hgnc_package"
"CHEMBL4093",NA,"hgnc_package"
"CHEMBL4096",NA,"hgnc_package"
"CHEMBL4102",NA,"hgnc_package"
"CHEMBL4105864",NA,"hgnc_package"
"CHEMBL4105907",NA,"hgnc_package"
"CHEMBL4123",NA,"hgnc_package"
"CHEMBL4124",NA,"hgnc_package"
"CHEMBL4128",NA,"hgnc_package"
"CHEMBL4130",NA,"hgnc_package"
"CHEMBL4142",NA,"hgnc_package"
"CHEMBL4143",NA,"hgnc_package"
"CHEMBL4145",NA,"hgnc_package"
"CHEMBL4153",NA,"hgnc_package"
"CHEMBL4158",NA,"hgnc_package"
"CHEMBL4159",NA,"hgnc_package"
"CHEMBL4163",NA,"hgnc_package"
"CHEMBL4179",NA,"hgnc_package"
"CHEMBL4188",NA,"hgnc_package"
"CHEMBL4191",NA,"hgnc_package"
"CHEMBL4198",NA,"hgnc_package"
"CHEMBL4203",NA,"hgnc_package"
"CHEMBL4204",NA,"hgnc_package"
"CHEMBL4224",NA,"hgnc_package"
"CHEMBL4225",NA,"hgnc_package"
"CHEMBL4226",NA,"hgnc_package"
"CHEMBL4227",NA,"hgnc_package"
"CHEMBL4235",NA,"hgnc_package"
"CHEMBL4247",NA,"hgnc_package"
"CHEMBL4261",NA,"hgnc_package"
"CHEMBL4282",NA,"hgnc_package"
"CHEMBL4296",NA,"hgnc_package"
"CHEMBL4296320",NA,"hgnc_package"
"CHEMBL4302",NA,"hgnc_package"
"CHEMBL4303",NA,"hgnc_package"
"CHEMBL4308",NA,"hgnc_package"
"CHEMBL4315",NA,"hgnc_package"
"CHEMBL4321",NA,"hgnc_package"
"CHEMBL4333",NA,"hgnc_package"
"CHEMBL4354",NA,"hgnc_package"
"CHEMBL4361",NA,"hgnc_package"
"CHEMBL4372",NA,"hgnc_package"
"CHEMBL4393",NA,"hgnc_package"
"CHEMBL4394",NA,"hgnc_package"
"CHEMBL4409",NA,"hgnc_package"
"CHEMBL4411",NA,"hgnc_package"
"CHEMBL4414",NA,"hgnc_package"
"CHEMBL4422",NA,"hgnc_package"
"CHEMBL4427",NA,"hgnc_package"
"CHEMBL4429",NA,"hgnc_package"
"CHEMBL4439",NA,"hgnc_package"
"CHEMBL4441",NA,"hgnc_package"
"CHEMBL4462",NA,"hgnc_package"
"CHEMBL4471",NA,"hgnc_package"
"CHEMBL4477",NA,"hgnc_package"
"CHEMBL4481",NA,"hgnc_package"
"CHEMBL4489",NA,"hgnc_package"
"CHEMBL4501",NA,"hgnc_package"
"CHEMBL4506",NA,"hgnc_package"
"CHEMBL4508",NA,"hgnc_package"
"CHEMBL4518",NA,"hgnc_package"
"CHEMBL4523",NA,"hgnc_package"
"CHEMBL4523156",NA,"hgnc_package"
"CHEMBL4523377",NA,"hgnc_package"
"CHEMBL4523582",NA,"hgnc_package"
"CHEMBL4527",NA,"hgnc_package"
"CHEMBL4531",NA,"hgnc_package"
"CHEMBL4550",NA,"hgnc_package"
"CHEMBL4561",NA,"hgnc_package"
"CHEMBL4566",NA,"hgnc_package"
"CHEMBL4578",NA,"hgnc_package"
"CHEMBL4581",NA,"hgnc_package"
"CHEMBL4588",NA,"hgnc_package"
"CHEMBL4598",NA,"hgnc_package"
"CHEMBL4599",NA,"hgnc_package"
"CHEMBL4607",NA,"hgnc_package"
"CHEMBL4608",NA,"hgnc_package"
"CHEMBL4616",NA,"hgnc_package"
"CHEMBL4618",NA,"hgnc_package"
"CHEMBL4625",NA,"hgnc_package"
"CHEMBL4630",NA,"hgnc_package"
"CHEMBL4644",NA,"hgnc_package"
"CHEMBL4657",NA,"hgnc_package"
"CHEMBL4660",NA,"hgnc_package"
"CHEMBL4662",NA,"hgnc_package"
"CHEMBL4681",NA,"hgnc_package"
"CHEMBL4683",NA,"hgnc_package"
"CHEMBL4685",NA,"hgnc_package"
"CHEMBL4691",NA,"hgnc_package"
"CHEMBL4718",NA,"hgnc_package"
"CHEMBL4722",NA,"hgnc_package"
"CHEMBL4739695",NA,"hgnc_package"
"CHEMBL4766",NA,"hgnc_package"
"CHEMBL4768",NA,"hgnc_package"
"CHEMBL4774",NA,"hgnc_package"
"CHEMBL4777",NA,"hgnc_package"
"CHEMBL4780",NA,"hgnc_package"
"CHEMBL4789",NA,"hgnc_package"
"CHEMBL4792",NA,"hgnc_package"
"CHEMBL4793",NA,"hgnc_package"
"CHEMBL4801",NA,"hgnc_package"
"CHEMBL4816",NA,"hgnc_package"
"CHEMBL4822",NA,"hgnc_package"
"CHEMBL4828",NA,"hgnc_package"
"CHEMBL4829",NA,"hgnc_package"
"CHEMBL4835",NA,"hgnc_package"
"CHEMBL4879459",NA,"hgnc_package"
"CHEMBL4895",NA,"hgnc_package"
"CHEMBL4898",NA,"hgnc_package"
"CHEMBL4908",NA,"hgnc_package"
"CHEMBL4937",NA,"hgnc_package"
"CHEMBL4975",NA,"hgnc_package"
"CHEMBL4979",NA,"hgnc_package"
"CHEMBL4980",NA,"hgnc_package"
"CHEMBL5014",NA,"hgnc_package"
"CHEMBL5017",NA,"hgnc_package"
"CHEMBL5023",NA,"hgnc_package"
"CHEMBL5024",NA,"hgnc_package"
"CHEMBL5071",NA,"hgnc_package"
"CHEMBL5076",NA,"hgnc_package"
"CHEMBL5077",NA,"hgnc_package"
"CHEMBL5103",NA,"hgnc_package"
"CHEMBL5113",NA,"hgnc_package"
"CHEMBL5136",NA,"hgnc_package"
"CHEMBL5137",NA,"hgnc_package"
"CHEMBL5145",NA,"hgnc_package"
"CHEMBL5147",NA,"hgnc_package"
"CHEMBL5160",NA,"hgnc_package"
"CHEMBL5162",NA,"hgnc_package"
"CHEMBL5251",NA,"hgnc_package"
"CHEMBL5263",NA,"hgnc_package"
"CHEMBL5282",NA,"hgnc_package"
"CHEMBL5285",NA,"hgnc_package"
"CHEMBL5319",NA,"hgnc_package"
"CHEMBL5331",NA,"hgnc_package"
"CHEMBL5366",NA,"hgnc_package"
"CHEMBL5373",NA,"hgnc_package"
"CHEMBL5393",NA,"hgnc_package"
"CHEMBL5401",NA,"hgnc_package"
"CHEMBL5407",NA,"hgnc_package"
"CHEMBL5408",NA,"hgnc_package"
"CHEMBL5409",NA,"hgnc_package"
"CHEMBL5414",NA,"hgnc_package"
"CHEMBL5422",NA,"hgnc_package"
"CHEMBL5443",NA,"hgnc_package"
"CHEMBL5462",NA,"hgnc_package"
"CHEMBL5464",NA,"hgnc_package"
"CHEMBL5469",NA,"hgnc_package"
"CHEMBL5471",NA,"hgnc_package"
"CHEMBL5491",NA,"hgnc_package"
"CHEMBL5498",NA,"hgnc_package"
"CHEMBL5514",NA,"hgnc_package"
"CHEMBL5543",NA,"hgnc_package"
"CHEMBL5567",NA,"hgnc_package"
"CHEMBL5568",NA,"hgnc_package"
"CHEMBL5570",NA,"hgnc_package"
"CHEMBL5608",NA,"hgnc_package"
"CHEMBL5619",NA,"hgnc_package"
"CHEMBL5620",NA,"hgnc_package"
"CHEMBL5645",NA,"hgnc_package"
"CHEMBL5646",NA,"hgnc_package"
"CHEMBL5652",NA,"hgnc_package"
"CHEMBL5658",NA,"hgnc_package"
"CHEMBL5697",NA,"hgnc_package"
"CHEMBL5719",NA,"hgnc_package"
"CHEMBL5747",NA,"hgnc_package"
"CHEMBL5749",NA,"hgnc_package"
"CHEMBL5763",NA,"hgnc_package"
"CHEMBL5800",NA,"hgnc_package"
"CHEMBL5804",NA,"hgnc_package"
"CHEMBL5805",NA,"hgnc_package"
"CHEMBL5815",NA,"hgnc_package"
"CHEMBL5855",NA,"hgnc_package"
"CHEMBL5879",NA,"hgnc_package"
"CHEMBL5888",NA,"hgnc_package"
"CHEMBL5896",NA,"hgnc_package"
"CHEMBL5903",NA,"hgnc_package"
"CHEMBL5932",NA,"hgnc_package"
"CHEMBL5936",NA,"hgnc_package"
"CHEMBL5971",NA,"hgnc_package"
"CHEMBL5979",NA,"hgnc_package"
"CHEMBL6009",NA,"hgnc_package"
"CHEMBL6032",NA,"hgnc_package"
"CHEMBL6080",NA,"hgnc_package"
"CHEMBL6110",NA,"hgnc_package"
"CHEMBL6115",NA,"hgnc_package"
"CHEMBL6120",NA,"hgnc_package"
"CHEMBL6135",NA,"hgnc_package"
"CHEMBL6136",NA,"hgnc_package"
"CHEMBL6140",NA,"hgnc_package"
"CHEMBL6141",NA,"hgnc_package"
"CHEMBL6152",NA,"hgnc_package"
"CHEMBL6154",NA,"hgnc_package"
"CHEMBL6164",NA,"hgnc_package"
"CHEMBL6166",NA,"hgnc_package"
"CHEMBL6167",NA,"hgnc_package"
"CHEMBL6175",NA,"hgnc_package"
"CHEMBL6184",NA,"hgnc_package"
